{
    "APP_BUILD_BOOTLOADER": true,
    "APP_BUILD_GENERATE_BINARIES": true,
    "APP_BUILD_TYPE_APP_2NDBOOT": true,
    "APP_BUILD_TYPE_RAM": false,
    "APP_BUILD_USE_FLASH_SECTIONS": true,
    "APP_COMPILE_TIME_DATE": true,
    "APP_EXCLUDE_PROJECT_NAME_VAR": true,
    "APP_EXCLUDE_PROJECT_VER_VAR": true,
    "APP_NO_BLOBS": false,
    "APP_PROJECT_VER_FROM_CONFIG": false,
    "APP_REPRODUCIBLE_BUILD": false,
    "APP_RETRIEVE_LEN_ELF_SHA": 9,
    "BOOTLOADER_APP_ANTI_ROLLBACK": false,
    "BOOTLOADER_APP_ROLLBACK_ENABLE": true,
    "BOOTLOADER_APP_TEST": false,
    "BOOTLOADER_COMPILER_OPTIMIZATION_DEBUG": false,
    "BOOTLOADER_COMPILER_OPTIMIZATION_PERF": false,
    "BOOTLOADER_COMPILER_OPTIMIZATION_SIZE": true,
    "BOOTLOADER_COMPILE_TIME_DATE": true,
    "BOOTLOADER_CUSTOM_RESERVE_RTC": false,
    "BOOTLOADER_FACTORY_RESET": false,
    "BOOTLOADER_FLASH_DC_AWARE": false,
    "BOOTLOADER_FLASH_XMC_SUPPORT": true,
    "BOOTLOADER_LOG_LEVEL": 2,
    "BOOTLOADER_LOG_LEVEL_DEBUG": false,
    "BOOTLOADER_LOG_LEVEL_ERROR": false,
    "BOOTLOADER_LOG_LEVEL_INFO": false,
    "BOOTLOADER_LOG_LEVEL_NONE": false,
    "BOOTLOADER_LOG_LEVEL_VERBOSE": false,
    "BOOTLOADER_LOG_LEVEL_WARN": true,
    "BOOTLOADER_OFFSET_IN_FLASH": 0,
    "BOOTLOADER_PROJECT_VER": 1,
    "BOOTLOADER_REGION_PROTECTION_ENABLE": true,
    "BOOTLOADER_RESERVE_RTC_MEM": true,
    "BOOTLOADER_RESERVE_RTC_SIZE": 16,
    "BOOTLOADER_SKIP_VALIDATE_ALWAYS": false,
    "BOOTLOADER_SKIP_VALIDATE_IN_DEEP_SLEEP": true,
    "BOOTLOADER_SKIP_VALIDATE_ON_POWER_ON": false,
    "BOOTLOADER_WDT_DISABLE_IN_USER_CODE": false,
    "BOOTLOADER_WDT_ENABLE": true,
    "BOOTLOADER_WDT_TIME_MS": 9000,
    "BOOT_ROM_LOG_ALWAYS_OFF": false,
    "BOOT_ROM_LOG_ALWAYS_ON": true,
    "BOOT_ROM_LOG_ON_GPIO_HIGH": false,
    "BOOT_ROM_LOG_ON_GPIO_LOW": false,
    "COMPILER_CXX_EXCEPTIONS": false,
    "COMPILER_CXX_RTTI": false,
    "COMPILER_DISABLE_GCC12_WARNINGS": false,
    "COMPILER_DISABLE_GCC13_WARNINGS": false,
    "COMPILER_DUMP_RTL_FILES": false,
    "COMPILER_FLOAT_LIB_FROM_GCCLIB": false,
    "COMPILER_FLOAT_LIB_FROM_RVFPLIB": true,
    "COMPILER_HIDE_PATHS_MACROS": true,
    "COMPILER_OPTIMIZATION_ASSERTIONS_DISABLE": true,
    "COMPILER_OPTIMIZATION_ASSERTIONS_ENABLE": false,
    "COMPILER_OPTIMIZATION_ASSERTIONS_SILENT": false,
    "COMPILER_OPTIMIZATION_ASSERTION_LEVEL": 0,
    "COMPILER_OPTIMIZATION_CHECKS_SILENT": false,
    "COMPILER_OPTIMIZATION_DEBUG": false,
    "COMPILER_OPTIMIZATION_NONE": false,
    "COMPILER_OPTIMIZATION_PERF": true,
    "COMPILER_OPTIMIZATION_SIZE": false,
    "COMPILER_RT_LIB_GCCLIB": true,
    "COMPILER_RT_LIB_NAME": "gcc",
    "COMPILER_SAVE_RESTORE_LIBCALLS": false,
    "COMPILER_STACK_CHECK_MODE_ALL": false,
    "COMPILER_STACK_CHECK_MODE_NONE": true,
    "COMPILER_STACK_CHECK_MODE_NORM": false,
    "COMPILER_STACK_CHECK_MODE_STRONG": false,
    "COMPILER_WARN_WRITE_STRINGS": false,
    "EFUSE_CUSTOM_TABLE": false,
    "EFUSE_MAX_BLK_LEN": 256,
    "EFUSE_VIRTUAL": false,
    "ESP32C6_REV_MAX_FULL": 99,
    "ESP32C6_REV_MIN_0": true,
    "ESP32C6_REV_MIN_1": false,
    "ESP32C6_REV_MIN_FULL": 0,
    "ESP32C6_UNIVERSAL_MAC_ADDRESSES": 4,
    "ESP32C6_UNIVERSAL_MAC_ADDRESSES_FOUR": true,
    "ESP32C6_UNIVERSAL_MAC_ADDRESSES_TWO": false,
    "ESPTOOLPY_AFTER": "hard_reset",
    "ESPTOOLPY_AFTER_NORESET": false,
    "ESPTOOLPY_AFTER_RESET": true,
    "ESPTOOLPY_BEFORE": "default_reset",
    "ESPTOOLPY_BEFORE_NORESET": false,
    "ESPTOOLPY_BEFORE_RESET": true,
    "ESPTOOLPY_FLASHFREQ": "80m",
    "ESPTOOLPY_FLASHFREQ_20M": false,
    "ESPTOOLPY_FLASHFREQ_40M": false,
    "ESPTOOLPY_FLASHFREQ_80M": true,
    "ESPTOOLPY_FLASHFREQ_80M_DEFAULT": true,
    "ESPTOOLPY_FLASHMODE": "dio",
    "ESPTOOLPY_FLASHMODE_DIO": true,
    "ESPTOOLPY_FLASHMODE_DOUT": false,
    "ESPTOOLPY_FLASHMODE_QIO": false,
    "ESPTOOLPY_FLASHMODE_QOUT": false,
    "ESPTOOLPY_FLASHSIZE": "4MB",
    "ESPTOOLPY_FLASHSIZE_128MB": false,
    "ESPTOOLPY_FLASHSIZE_16MB": false,
    "ESPTOOLPY_FLASHSIZE_1MB": false,
    "ESPTOOLPY_FLASHSIZE_2MB": false,
    "ESPTOOLPY_FLASHSIZE_32MB": false,
    "ESPTOOLPY_FLASHSIZE_4MB": true,
    "ESPTOOLPY_FLASHSIZE_64MB": false,
    "ESPTOOLPY_FLASHSIZE_8MB": false,
    "ESPTOOLPY_FLASH_SAMPLE_MODE_STR": true,
    "ESPTOOLPY_HEADER_FLASHSIZE_UPDATE": false,
    "ESPTOOLPY_MONITOR_BAUD": 115200,
    "ESPTOOLPY_NO_STUB": false,
    "ESP_BROWNOUT_DET": true,
    "ESP_BROWNOUT_DET_LVL": 7,
    "ESP_BROWNOUT_DET_LVL_SEL_2": false,
    "ESP_BROWNOUT_DET_LVL_SEL_3": false,
    "ESP_BROWNOUT_DET_LVL_SEL_4": false,
    "ESP_BROWNOUT_DET_LVL_SEL_5": false,
    "ESP_BROWNOUT_DET_LVL_SEL_6": false,
    "ESP_BROWNOUT_DET_LVL_SEL_7": true,
    "ESP_CONSOLE_NONE": false,
    "ESP_CONSOLE_SECONDARY_NONE": false,
    "ESP_CONSOLE_SECONDARY_USB_SERIAL_JTAG": true,
    "ESP_CONSOLE_UART": true,
    "ESP_CONSOLE_UART_BAUDRATE": 115200,
    "ESP_CONSOLE_UART_CUSTOM": false,
    "ESP_CONSOLE_UART_DEFAULT": true,
    "ESP_CONSOLE_UART_NUM": 0,
    "ESP_CONSOLE_USB_SERIAL_JTAG": false,
    "ESP_CONSOLE_USB_SERIAL_JTAG_ENABLED": true,
    "ESP_CRYPTO_DPA_PROTECTION_AT_STARTUP": true,
    "ESP_CRYPTO_DPA_PROTECTION_LEVEL": 1,
    "ESP_CRYPTO_DPA_PROTECTION_LEVEL_HIGH": false,
    "ESP_CRYPTO_DPA_PROTECTION_LEVEL_LOW": true,
    "ESP_CRYPTO_DPA_PROTECTION_LEVEL_MEDIUM": false,
    "ESP_DEBUG_OCDAWARE": true,
    "ESP_DEBUG_STUBS_ENABLE": false,
    "ESP_DEFAULT_CPU_FREQ_MHZ": 160,
    "ESP_DEFAULT_CPU_FREQ_MHZ_120": false,
    "ESP_DEFAULT_CPU_FREQ_MHZ_160": true,
    "ESP_DEFAULT_CPU_FREQ_MHZ_80": false,
    "ESP_ERR_TO_NAME_LOOKUP": true,
    "ESP_INT_WDT": true,
    "ESP_INT_WDT_TIMEOUT_MS": 300,
    "ESP_IPC_TASK_STACK_SIZE": 1024,
    "ESP_MAC_ADDR_UNIVERSE_BT": true,
    "ESP_MAC_ADDR_UNIVERSE_ETH": true,
    "ESP_MAC_ADDR_UNIVERSE_IEEE802154": true,
    "ESP_MAC_ADDR_UNIVERSE_WIFI_AP": true,
    "ESP_MAC_ADDR_UNIVERSE_WIFI_STA": true,
    "ESP_MAC_UNIVERSAL_MAC_ADDRESSES_FOUR": true,
    "ESP_MAC_USE_CUSTOM_MAC_AS_BASE_MAC": false,
    "ESP_MAIN_TASK_AFFINITY": 0,
    "ESP_MAIN_TASK_AFFINITY_CPU0": true,
    "ESP_MAIN_TASK_AFFINITY_NO_AFFINITY": false,
    "ESP_MAIN_TASK_STACK_SIZE": 3584,
    "ESP_MINIMAL_SHARED_STACK_SIZE": 2048,
    "ESP_PANIC_HANDLER_IRAM": false,
    "ESP_REV_MAX_FULL": 99,
    "ESP_REV_MIN_FULL": 0,
    "ESP_ROM_GET_CLK_FREQ": true,
    "ESP_ROM_HAS_CRC_BE": true,
    "ESP_ROM_HAS_CRC_LE": true,
    "ESP_ROM_HAS_HAL_SYSTIMER": true,
    "ESP_ROM_HAS_HAL_WDT": true,
    "ESP_ROM_HAS_HEAP_TLSF": true,
    "ESP_ROM_HAS_JPEG_DECODE": true,
    "ESP_ROM_HAS_LAYOUT_TABLE": true,
    "ESP_ROM_HAS_NEWLIB_NORMAL_FORMAT": true,
    "ESP_ROM_HAS_REGI2C_BUG": true,
    "ESP_ROM_HAS_RETARGETABLE_LOCKING": true,
    "ESP_ROM_HAS_RVFPLIB": true,
    "ESP_ROM_HAS_SPI_FLASH": true,
    "ESP_ROM_HAS_SW_FLOAT": true,
    "ESP_ROM_NEEDS_SET_CACHE_MMU_SIZE": true,
    "ESP_ROM_RAM_APP_NEEDS_MMU_INIT": true,
    "ESP_ROM_REV0_HAS_NO_ECDSA_INTERFACE": true,
    "ESP_ROM_UART_CLK_IS_XTAL": true,
    "ESP_ROM_USB_SERIAL_DEVICE_NUM": 3,
    "ESP_ROM_WDT_INIT_PATCH": true,
    "ESP_SLEEP_CACHE_SAFE_ASSERTION": false,
    "ESP_SLEEP_DEBUG": false,
    "ESP_SLEEP_FLASH_LEAKAGE_WORKAROUND": true,
    "ESP_SLEEP_GPIO_ENABLE_INTERNAL_RESISTORS": true,
    "ESP_SLEEP_GPIO_RESET_WORKAROUND": true,
    "ESP_SLEEP_MSPI_NEED_ALL_IO_PU": false,
    "ESP_SLEEP_POWER_DOWN_FLASH": false,
    "ESP_SLEEP_WAIT_FLASH_READY_EXTRA_DELAY": 0,
    "ESP_SYSTEM_ALLOW_RTC_FAST_MEM_AS_HEAP": true,
    "ESP_SYSTEM_BBPLL_RECALIB": true,
    "ESP_SYSTEM_BROWNOUT_INTR": true,
    "ESP_SYSTEM_CHECK_INT_LEVEL_4": true,
    "ESP_SYSTEM_EVENT_QUEUE_SIZE": 32,
    "ESP_SYSTEM_EVENT_TASK_STACK_SIZE": 2304,
    "ESP_SYSTEM_HW_STACK_GUARD": false,
    "ESP_SYSTEM_PANIC_PRINT_HALT": false,
    "ESP_SYSTEM_PANIC_PRINT_REBOOT": true,
    "ESP_SYSTEM_PANIC_REBOOT_DELAY_SECONDS": 0,
    "ESP_SYSTEM_PANIC_SILENT_REBOOT": false,
    "ESP_SYSTEM_PMP_IDRAM_SPLIT": false,
    "ESP_SYSTEM_RTC_FAST_MEM_AS_HEAP_DEPCHECK": true,
    "ESP_SYSTEM_SINGLE_CORE_MODE": true,
    "ESP_SYSTEM_USE_EH_FRAME": false,
    "ESP_TASK_WDT_CHECK_IDLE_TASK_CPU0": false,
    "ESP_TASK_WDT_EN": true,
    "ESP_TASK_WDT_INIT": true,
    "ESP_TASK_WDT_PANIC": false,
    "ESP_TASK_WDT_TIMEOUT_S": 5,
    "ETM_ENABLE_DEBUG_LOG": false,
    "FREERTOS_CHECK_MUTEX_GIVEN_BY_OWNER": true,
    "FREERTOS_CHECK_PORT_CRITICAL_COMPLIANCE": false,
    "FREERTOS_CHECK_STACKOVERFLOW_CANARY": true,
    "FREERTOS_CHECK_STACKOVERFLOW_NONE": false,
    "FREERTOS_CHECK_STACKOVERFLOW_PTRVAL": false,
    "FREERTOS_CORETIMER_SYSTIMER_LVL1": true,
    "FREERTOS_CORETIMER_SYSTIMER_LVL3": false,
    "FREERTOS_DEBUG_OCDAWARE": true,
    "FREERTOS_ENABLE_BACKWARD_COMPATIBILITY": false,
    "FREERTOS_ENABLE_STATIC_TASK_CLEAN_UP": false,
    "FREERTOS_ENABLE_TASK_SNAPSHOT": true,
    "FREERTOS_GENERATE_RUN_TIME_STATS": false,
    "FREERTOS_HZ": 100,
    "FREERTOS_IDLE_TASK_STACKSIZE": 1536,
    "FREERTOS_INTERRUPT_BACKTRACE": true,
    "FREERTOS_ISR_STACKSIZE": 1536,
    "FREERTOS_MAX_TASK_NAME_LEN": 16,
    "FREERTOS_NO_AFFINITY": 2147483647,
    "FREERTOS_OPTIMIZED_SCHEDULER": true,
    "FREERTOS_PLACE_FUNCTIONS_INTO_FLASH": false,
    "FREERTOS_PLACE_SNAPSHOT_FUNS_INTO_FLASH": true,
    "FREERTOS_PORT": true,
    "FREERTOS_QUEUE_REGISTRY_SIZE": 0,
    "FREERTOS_SMP": false,
    "FREERTOS_SUPPORT_STATIC_ALLOCATION": true,
    "FREERTOS_SYSTICK_USES_SYSTIMER": true,
    "FREERTOS_TASK_NOTIFICATION_ARRAY_ENTRIES": 1,
    "FREERTOS_TASK_PRE_DELETION_HOOK": true,
    "FREERTOS_THREAD_LOCAL_STORAGE_POINTERS": 2,
    "FREERTOS_TICK_SUPPORT_SYSTIMER": true,
    "FREERTOS_TIMER_QUEUE_LENGTH": 10,
    "FREERTOS_TIMER_SERVICE_TASK_NAME": "Tmr Svc",
    "FREERTOS_TIMER_TASK_PRIORITY": 1,
    "FREERTOS_TIMER_TASK_STACK_DEPTH": 2048,
    "FREERTOS_TLSP_DELETION_CALLBACKS": true,
    "FREERTOS_UNICORE": true,
    "FREERTOS_USE_APPLICATION_TASK_TAG": false,
    "FREERTOS_USE_IDLE_HOOK": false,
    "FREERTOS_USE_TICK_HOOK": false,
    "FREERTOS_USE_TRACE_FACILITY": false,
    "FREERTOS_WATCHPOINT_END_OF_STACK": false,
    "GDMA_CTRL_FUNC_IN_IRAM": false,
    "GDMA_ENABLE_DEBUG_LOG": false,
    "GDMA_ISR_IRAM_SAFE": false,
    "HAL_ASSERTION_DISABLE": false,
    "HAL_ASSERTION_EQUALS_SYSTEM": true,
    "HAL_DEFAULT_ASSERTION_LEVEL": 0,
    "HAL_SYSTIMER_USE_ROM_IMPL": true,
    "HAL_WDT_USE_ROM_IMPL": true,
    "IDF_CMAKE": true,
    "IDF_EXPERIMENTAL_FEATURES": false,
    "IDF_FIRMWARE_CHIP_ID": 13,
    "IDF_INIT_VERSION": "5.2.2",
    "IDF_TARGET": "esp32c6",
    "IDF_TARGET_ARCH": "riscv",
    "IDF_TARGET_ARCH_RISCV": true,
    "IDF_TARGET_ESP32C6": true,
    "IDF_TOOLCHAIN": "gcc",
    "LOG_COLORS": true,
    "LOG_DEFAULT_LEVEL": 1,
    "LOG_DEFAULT_LEVEL_DEBUG": false,
    "LOG_DEFAULT_LEVEL_ERROR": true,
    "LOG_DEFAULT_LEVEL_INFO": false,
    "LOG_DEFAULT_LEVEL_NONE": false,
    "LOG_DEFAULT_LEVEL_VERBOSE": false,
    "LOG_DEFAULT_LEVEL_WARN": false,
    "LOG_MASTER_LEVEL": false,
    "LOG_MAXIMUM_EQUALS_DEFAULT": false,
    "LOG_MAXIMUM_LEVEL": 3,
    "LOG_MAXIMUM_LEVEL_DEBUG": false,
    "LOG_MAXIMUM_LEVEL_INFO": true,
    "LOG_MAXIMUM_LEVEL_VERBOSE": false,
    "LOG_MAXIMUM_LEVEL_WARN": false,
    "LOG_TIMESTAMP_SOURCE_RTOS": true,
    "LOG_TIMESTAMP_SOURCE_SYSTEM": false,
    "MMU_PAGE_MODE": "64KB",
    "MMU_PAGE_SIZE": 65536,
    "MMU_PAGE_SIZE_64KB": true,
    "NEWLIB_NANO_FORMAT": true,
    "NEWLIB_STDIN_LINE_ENDING_CR": true,
    "NEWLIB_STDIN_LINE_ENDING_CRLF": false,
    "NEWLIB_STDIN_LINE_ENDING_LF": false,
    "NEWLIB_STDOUT_LINE_ENDING_CR": false,
    "NEWLIB_STDOUT_LINE_ENDING_CRLF": true,
    "NEWLIB_STDOUT_LINE_ENDING_LF": false,
    "NEWLIB_TIME_SYSCALL_USE_HRT": false,
    "NEWLIB_TIME_SYSCALL_USE_NONE": false,
    "NEWLIB_TIME_SYSCALL_USE_RTC": false,
    "NEWLIB_TIME_SYSCALL_USE_RTC_HRT": true,
    "PARTITION_TABLE_CUSTOM": true,
    "PARTITION_TABLE_CUSTOM_FILENAME": "partitions-4MiB.csv",
    "PARTITION_TABLE_FILENAME": "partitions-4MiB.csv",
    "PARTITION_TABLE_MD5": true,
    "PARTITION_TABLE_OFFSET": 32768,
    "PARTITION_TABLE_SINGLE_APP": false,
    "PARTITION_TABLE_SINGLE_APP_LARGE": false,
    "PARTITION_TABLE_TWO_OTA": false,
    "PERIPH_CTRL_FUNC_IN_IRAM": false,
    "RTC_CLK_CAL_CYCLES": 1024,
    "RTC_CLK_SRC_EXT_CRYS": false,
    "RTC_CLK_SRC_EXT_OSC": false,
    "RTC_CLK_SRC_INT_RC": true,
    "RTC_CLK_SRC_INT_RC32K": false,
    "SECURE_BOOT": false,
    "SECURE_BOOT_V2_ECC_SUPPORTED": true,
    "SECURE_BOOT_V2_PREFERRED": true,
    "SECURE_BOOT_V2_RSA_SUPPORTED": true,
    "SECURE_FLASH_ENC_ENABLED": false,
    "SECURE_ROM_DL_MODE_ENABLED": true,
    "SECURE_SIGNED_APPS_NO_SECURE_BOOT": false,
    "SOC_ADC_ATTEN_NUM": 4,
    "SOC_ADC_CALIBRATION_V1_SUPPORTED": true,
    "SOC_ADC_CALIB_CHAN_COMPENS_SUPPORTED": true,
    "SOC_ADC_DIGI_CONTROLLER_NUM": 1,
    "SOC_ADC_DIGI_DATA_BYTES_PER_CONV": 4,
    "SOC_ADC_DIGI_IIR_FILTER_NUM": 2,
    "SOC_ADC_DIGI_MAX_BITWIDTH": 12,
    "SOC_ADC_DIGI_MIN_BITWIDTH": 12,
    "SOC_ADC_DIGI_MONITOR_NUM": 2,
    "SOC_ADC_DIGI_RESULT_BYTES": 4,
    "SOC_ADC_DIG_CTRL_SUPPORTED": true,
    "SOC_ADC_DIG_IIR_FILTER_SUPPORTED": true,
    "SOC_ADC_DMA_SUPPORTED": true,
    "SOC_ADC_MAX_CHANNEL_NUM": 7,
    "SOC_ADC_MONITOR_SUPPORTED": true,
    "SOC_ADC_PATT_LEN_MAX": 8,
    "SOC_ADC_PERIPH_NUM": 1,
    "SOC_ADC_RTC_MAX_BITWIDTH": 12,
    "SOC_ADC_RTC_MIN_BITWIDTH": 12,
    "SOC_ADC_SAMPLE_FREQ_THRES_HIGH": 83333,
    "SOC_ADC_SAMPLE_FREQ_THRES_LOW": 611,
    "SOC_ADC_SELF_HW_CALI_SUPPORTED": true,
    "SOC_ADC_SHARED_POWER": true,
    "SOC_ADC_SUPPORTED": true,
    "SOC_ADC_TEMPERATURE_SHARE_INTR": true,
    "SOC_AES_GDMA": true,
    "SOC_AES_SUPPORTED": true,
    "SOC_AES_SUPPORT_AES_128": true,
    "SOC_AES_SUPPORT_AES_256": true,
    "SOC_AES_SUPPORT_DMA": true,
    "SOC_AHB_GDMA_SUPPORTED": true,
    "SOC_AHB_GDMA_VERSION": 1,
    "SOC_APM_SUPPORTED": true,
    "SOC_ASSIST_DEBUG_SUPPORTED": true,
    "SOC_ASYNC_MEMCPY_SUPPORTED": true,
    "SOC_BLE_50_SUPPORTED": true,
    "SOC_BLE_DEVICE_PRIVACY_SUPPORTED": true,
    "SOC_BLE_MESH_SUPPORTED": true,
    "SOC_BLE_MULTI_CONN_OPTIMIZATION": true,
    "SOC_BLE_PERIODIC_ADV_ENH_SUPPORTED": true,
    "SOC_BLE_POWER_CONTROL_SUPPORTED": true,
    "SOC_BLE_SUPPORTED": true,
    "SOC_BLE_USE_WIFI_PWR_CLK_WORKAROUND": true,
    "SOC_BLUFI_SUPPORTED": true,
    "SOC_BOD_SUPPORTED": true,
    "SOC_BROWNOUT_RESET_SUPPORTED": true,
    "SOC_BT_SUPPORTED": true,
    "SOC_CACHE_FREEZE_SUPPORTED": true,
    "SOC_CAPS_NO_RESET_BY_ANA_BOD": true,
    "SOC_CLK_OSC_SLOW_SUPPORTED": true,
    "SOC_CLK_RC32K_SUPPORTED": true,
    "SOC_CLK_RC_FAST_SUPPORT_CALIBRATION": true,
    "SOC_CLK_TREE_SUPPORTED": true,
    "SOC_CLK_XTAL32K_SUPPORTED": true,
    "SOC_COEX_HW_PTI": true,
    "SOC_CPU_BREAKPOINTS_NUM": 4,
    "SOC_CPU_CORES_NUM": 1,
    "SOC_CPU_HAS_FLEXIBLE_INTC": true,
    "SOC_CPU_HAS_PMA": true,
    "SOC_CPU_IDRAM_SPLIT_USING_PMP": true,
    "SOC_CPU_INTR_NUM": 32,
    "SOC_CPU_WATCHPOINTS_NUM": 4,
    "SOC_CPU_WATCHPOINT_MAX_REGION_SIZE": 2147483648,
    "SOC_CRYPTO_DPA_PROTECTION_SUPPORTED": true,
    "SOC_DEDICATED_GPIO_SUPPORTED": true,
    "SOC_DEDIC_GPIO_IN_CHANNELS_NUM": 8,
    "SOC_DEDIC_GPIO_OUT_CHANNELS_NUM": 8,
    "SOC_DEDIC_PERIPH_ALWAYS_ENABLE": true,
    "SOC_DIG_SIGN_SUPPORTED": true,
    "SOC_DS_KEY_CHECK_MAX_WAIT_US": 1100,
    "SOC_DS_KEY_PARAM_MD_IV_LENGTH": 16,
    "SOC_DS_SIGNATURE_MAX_BIT_LEN": 3072,
    "SOC_ECC_SUPPORTED": true,
    "SOC_EFUSE_BLOCK9_KEY_PURPOSE_QUIRK": true,
    "SOC_EFUSE_DIS_DIRECT_BOOT": true,
    "SOC_EFUSE_DIS_DOWNLOAD_ICACHE": true,
    "SOC_EFUSE_DIS_ICACHE": true,
    "SOC_EFUSE_DIS_PAD_JTAG": true,
    "SOC_EFUSE_DIS_USB_JTAG": true,
    "SOC_EFUSE_KEY_PURPOSE_FIELD": true,
    "SOC_EFUSE_REVOKE_BOOT_KEY_DIGESTS": true,
    "SOC_EFUSE_SECURE_BOOT_KEY_DIGESTS": 3,
    "SOC_EFUSE_SOFT_DIS_JTAG": true,
    "SOC_EFUSE_SUPPORTED": true,
    "SOC_ESP_NIMBLE_CONTROLLER": true,
    "SOC_ETM_CHANNELS_PER_GROUP": 50,
    "SOC_ETM_GROUPS": 1,
    "SOC_ETM_SUPPORTED": true,
    "SOC_EXTERNAL_COEX_ADVANCE": true,
    "SOC_FLASH_ENCRYPTED_XTS_AES_BLOCK_MAX": 32,
    "SOC_FLASH_ENCRYPTION_XTS_AES": true,
    "SOC_FLASH_ENCRYPTION_XTS_AES_128": true,
    "SOC_FLASH_ENC_SUPPORTED": true,
    "SOC_GDMA_NUM_GROUPS_MAX": 1,
    "SOC_GDMA_PAIRS_PER_GROUP_MAX": 3,
    "SOC_GDMA_SUPPORTED": true,
    "SOC_GDMA_SUPPORT_ETM": true,
    "SOC_GPIO_CLOCKOUT_BY_GPIO_MATRIX": true,
    "SOC_GPIO_DEEP_SLEEP_WAKE_VALID_GPIO_MASK": 0,
    "SOC_GPIO_FLEX_GLITCH_FILTER_NUM": 8,
    "SOC_GPIO_IN_RANGE_MAX": 30,
    "SOC_GPIO_OUT_RANGE_MAX": 30,
    "SOC_GPIO_PIN_COUNT": 31,
    "SOC_GPIO_PORT": 1,
    "SOC_GPIO_SUPPORT_DEEPSLEEP_WAKEUP": true,
    "SOC_GPIO_SUPPORT_ETM": true,
    "SOC_GPIO_SUPPORT_FORCE_HOLD": true,
    "SOC_GPIO_SUPPORT_HOLD_SINGLE_IO_IN_DSLP": true,
    "SOC_GPIO_SUPPORT_PIN_GLITCH_FILTER": true,
    "SOC_GPIO_SUPPORT_RTC_INDEPENDENT": true,
    "SOC_GPIO_VALID_DIGITAL_IO_PAD_MASK": 2147483392,
    "SOC_GPSPI_SUPPORTED": true,
    "SOC_GPTIMER_SUPPORTED": true,
    "SOC_HMAC_SUPPORTED": true,
    "SOC_I2C_CMD_REG_NUM": 8,
    "SOC_I2C_FIFO_LEN": 32,
    "SOC_I2C_NUM": 1,
    "SOC_I2C_SLAVE_CAN_GET_STRETCH_CAUSE": true,
    "SOC_I2C_SLAVE_SUPPORT_BROADCAST": true,
    "SOC_I2C_SLAVE_SUPPORT_I2CRAM_ACCESS": true,
    "SOC_I2C_SLAVE_SUPPORT_SLAVE_UNMATCH": true,
    "SOC_I2C_SUPPORTED": true,
    "SOC_I2C_SUPPORT_10BIT_ADDR": true,
    "SOC_I2C_SUPPORT_HW_CLR_BUS": true,
    "SOC_I2C_SUPPORT_HW_FSM_RST": true,
    "SOC_I2C_SUPPORT_RTC": true,
    "SOC_I2C_SUPPORT_SLAVE": true,
    "SOC_I2C_SUPPORT_XTAL": true,
    "SOC_I2S_HW_VERSION_2": true,
    "SOC_I2S_NUM": 1,
    "SOC_I2S_PDM_MAX_TX_LINES": 2,
    "SOC_I2S_SUPPORTED": true,
    "SOC_I2S_SUPPORTS_PCM": true,
    "SOC_I2S_SUPPORTS_PDM": true,
    "SOC_I2S_SUPPORTS_PDM_TX": true,
    "SOC_I2S_SUPPORTS_PLL_F160M": true,
    "SOC_I2S_SUPPORTS_TDM": true,
    "SOC_I2S_SUPPORTS_XTAL": true,
    "SOC_IEEE802154_SUPPORTED": true,
    "SOC_INT_PLIC_SUPPORTED": true,
    "SOC_LEDC_CHANNEL_NUM": 6,
    "SOC_LEDC_FADE_PARAMS_BIT_WIDTH": 10,
    "SOC_LEDC_GAMMA_CURVE_FADE_RANGE_MAX": 16,
    "SOC_LEDC_GAMMA_CURVE_FADE_SUPPORTED": true,
    "SOC_LEDC_SUPPORTED": true,
    "SOC_LEDC_SUPPORT_FADE_STOP": true,
    "SOC_LEDC_SUPPORT_PLL_DIV_CLOCK": true,
    "SOC_LEDC_SUPPORT_XTAL_CLOCK": true,
    "SOC_LEDC_TIMER_BIT_WIDTH": 20,
    "SOC_LP_AON_SUPPORTED": true,
    "SOC_LP_CORE_SUPPORTED": true,
    "SOC_LP_I2C_FIFO_LEN": 16,
    "SOC_LP_I2C_NUM": 1,
    "SOC_LP_I2C_SUPPORTED": true,
    "SOC_LP_PERIPHERALS_SUPPORTED": true,
    "SOC_LP_TIMER_BIT_WIDTH_HI": 16,
    "SOC_LP_TIMER_BIT_WIDTH_LO": 32,
    "SOC_LP_TIMER_SUPPORTED": true,
    "SOC_LP_UART_FIFO_LEN": 16,
    "SOC_MCPWM_CAPTURE_CHANNELS_PER_TIMER": 3,
    "SOC_MCPWM_CAPTURE_CLK_FROM_GROUP": true,
    "SOC_MCPWM_CAPTURE_TIMERS_PER_GROUP": true,
    "SOC_MCPWM_COMPARATORS_PER_OPERATOR": 2,
    "SOC_MCPWM_GENERATORS_PER_OPERATOR": 2,
    "SOC_MCPWM_GPIO_FAULTS_PER_GROUP": 3,
    "SOC_MCPWM_GPIO_SYNCHROS_PER_GROUP": 3,
    "SOC_MCPWM_GROUPS": 1,
    "SOC_MCPWM_OPERATORS_PER_GROUP": 3,
    "SOC_MCPWM_SUPPORTED": true,
    "SOC_MCPWM_SUPPORT_ETM": true,
    "SOC_MCPWM_SWSYNC_CAN_PROPAGATE": true,
    "SOC_MCPWM_TIMERS_PER_GROUP": 3,
    "SOC_MCPWM_TRIGGERS_PER_OPERATOR": 2,
    "SOC_MEMSPI_IS_INDEPENDENT": true,
    "SOC_MEMSPI_SRC_FREQ_20M_SUPPORTED": true,
    "SOC_MEMSPI_SRC_FREQ_40M_SUPPORTED": true,
    "SOC_MEMSPI_SRC_FREQ_80M_SUPPORTED": true,
    "SOC_MMU_DI_VADDR_SHARED": true,
    "SOC_MMU_LINEAR_ADDRESS_REGION_NUM": 1,
    "SOC_MMU_PAGE_SIZE_CONFIGURABLE": true,
    "SOC_MMU_PERIPH_NUM": 1,
    "SOC_MODEM_CLOCK_IS_INDEPENDENT": true,
    "SOC_MPI_MEM_BLOCKS_NUM": 4,
    "SOC_MPI_OPERATIONS_NUM": 3,
    "SOC_MPI_SUPPORTED": true,
    "SOC_MPU_MIN_REGION_SIZE": 536870912,
    "SOC_MPU_REGIONS_MAX_NUM": 8,
    "SOC_MWDT_SUPPORT_XTAL": true,
    "SOC_PARLIO_GROUPS": 1,
    "SOC_PARLIO_RX_UNITS_PER_GROUP": 1,
    "SOC_PARLIO_RX_UNIT_MAX_DATA_WIDTH": 16,
    "SOC_PARLIO_SUPPORTED": true,
    "SOC_PARLIO_TX_RX_SHARE_INTERRUPT": true,
    "SOC_PARLIO_TX_UNITS_PER_GROUP": 1,
    "SOC_PARLIO_TX_UNIT_MAX_DATA_WIDTH": 16,
    "SOC_PAU_SUPPORTED": true,
    "SOC_PCNT_CHANNELS_PER_UNIT": 2,
    "SOC_PCNT_GROUPS": 1,
    "SOC_PCNT_SUPPORTED": true,
    "SOC_PCNT_SUPPORT_RUNTIME_THRES_UPDATE": true,
    "SOC_PCNT_THRES_POINT_PER_UNIT": 2,
    "SOC_PCNT_UNITS_PER_GROUP": 4,
    "SOC_PHY_COMBO_MODULE": true,
    "SOC_PHY_DIG_REGS_MEM_SIZE": 21,
    "SOC_PMU_SUPPORTED": true,
    "SOC_PM_CPU_RETENTION_BY_SW": true,
    "SOC_PM_MODEM_RETENTION_BY_REGDMA": true,
    "SOC_PM_PAU_LINK_NUM": 4,
    "SOC_PM_RETENTION_HAS_CLOCK_BUG": true,
    "SOC_PM_SUPPORT_BEACON_WAKEUP": true,
    "SOC_PM_SUPPORT_BT_WAKEUP": true,
    "SOC_PM_SUPPORT_CPU_PD": true,
    "SOC_PM_SUPPORT_DEEPSLEEP_CHECK_STUB_ONLY": true,
    "SOC_PM_SUPPORT_EXT1_WAKEUP": true,
    "SOC_PM_SUPPORT_EXT1_WAKEUP_MODE_PER_PIN": true,
    "SOC_PM_SUPPORT_HP_AON_PD": true,
    "SOC_PM_SUPPORT_MAC_BB_PD": true,
    "SOC_PM_SUPPORT_MODEM_PD": true,
    "SOC_PM_SUPPORT_PMU_MODEM_STATE": true,
    "SOC_PM_SUPPORT_RC32K_PD": true,
    "SOC_PM_SUPPORT_RC_FAST_PD": true,
    "SOC_PM_SUPPORT_RTC_PERIPH_PD": true,
    "SOC_PM_SUPPORT_TOP_PD": true,
    "SOC_PM_SUPPORT_VDDSDIO_PD": true,
    "SOC_PM_SUPPORT_WIFI_WAKEUP": true,
    "SOC_PM_SUPPORT_XTAL32K_PD": true,
    "SOC_RCC_IS_INDEPENDENT": true,
    "SOC_RMT_CHANNELS_PER_GROUP": 4,
    "SOC_RMT_GROUPS": 1,
    "SOC_RMT_MEM_WORDS_PER_CHANNEL": 48,
    "SOC_RMT_RX_CANDIDATES_PER_GROUP": 2,
    "SOC_RMT_SUPPORTED": true,
    "SOC_RMT_SUPPORT_RC_FAST": true,
    "SOC_RMT_SUPPORT_RX_DEMODULATION": true,
    "SOC_RMT_SUPPORT_RX_PINGPONG": true,
    "SOC_RMT_SUPPORT_TX_ASYNC_STOP": true,
    "SOC_RMT_SUPPORT_TX_CARRIER_DATA_ONLY": true,
    "SOC_RMT_SUPPORT_TX_LOOP_AUTO_STOP": true,
    "SOC_RMT_SUPPORT_TX_LOOP_COUNT": true,
    "SOC_RMT_SUPPORT_TX_SYNCHRO": true,
    "SOC_RMT_SUPPORT_XTAL": true,
    "SOC_RMT_TX_CANDIDATES_PER_GROUP": 2,
    "SOC_RSA_MAX_BIT_LEN": 3072,
    "SOC_RTCIO_HOLD_SUPPORTED": true,
    "SOC_RTCIO_INPUT_OUTPUT_SUPPORTED": true,
    "SOC_RTCIO_PIN_COUNT": 8,
    "SOC_RTCIO_WAKE_SUPPORTED": true,
    "SOC_RTC_FAST_MEM_SUPPORTED": true,
    "SOC_RTC_MEM_SUPPORTED": true,
    "SOC_SDIO_SLAVE_SUPPORTED": true,
    "SOC_SDM_CHANNELS_PER_GROUP": 4,
    "SOC_SDM_CLK_SUPPORT_PLL_F80M": true,
    "SOC_SDM_CLK_SUPPORT_XTAL": true,
    "SOC_SDM_GROUPS": 1,
    "SOC_SDM_SUPPORTED": true,
    "SOC_SECURE_BOOT_SUPPORTED": true,
    "SOC_SECURE_BOOT_V2_ECC": true,
    "SOC_SECURE_BOOT_V2_RSA": true,
    "SOC_SHARED_IDCACHE_SUPPORTED": true,
    "SOC_SHA_DMA_MAX_BUFFER_SIZE": 3968,
    "SOC_SHA_GDMA": true,
    "SOC_SHA_SUPPORTED": true,
    "SOC_SHA_SUPPORT_DMA": true,
    "SOC_SHA_SUPPORT_RESUME": true,
    "SOC_SHA_SUPPORT_SHA1": true,
    "SOC_SHA_SUPPORT_SHA224": true,
    "SOC_SHA_SUPPORT_SHA256": true,
    "SOC_SPI_FLASH_SUPPORTED": true,
    "SOC_SPI_MAXIMUM_BUFFER_SIZE": 64,
    "SOC_SPI_MAX_CS_NUM": 6,
    "SOC_SPI_MAX_PRE_DIVIDER": 16,
    "SOC_SPI_MEM_SUPPORT_AUTO_RESUME": true,
    "SOC_SPI_MEM_SUPPORT_AUTO_SUSPEND": true,
    "SOC_SPI_MEM_SUPPORT_AUTO_WAIT_IDLE": true,
    "SOC_SPI_MEM_SUPPORT_CHECK_SUS": true,
    "SOC_SPI_MEM_SUPPORT_IDLE_INTR": true,
    "SOC_SPI_MEM_SUPPORT_SW_SUSPEND": true,
    "SOC_SPI_MEM_SUPPORT_WRAP": true,
    "SOC_SPI_PERIPH_NUM": 2,
    "SOC_SPI_SLAVE_SUPPORT_SEG_TRANS": true,
    "SOC_SPI_SUPPORT_CD_SIG": true,
    "SOC_SPI_SUPPORT_CLK_PLL_F80M": true,
    "SOC_SPI_SUPPORT_CLK_RC_FAST": true,
    "SOC_SPI_SUPPORT_CLK_XTAL": true,
    "SOC_SPI_SUPPORT_CONTINUOUS_TRANS": true,
    "SOC_SPI_SUPPORT_DDRCLK": true,
    "SOC_SPI_SUPPORT_SLAVE_HD_VER2": true,
    "SOC_SUPPORTS_SECURE_DL_MODE": true,
    "SOC_SUPPORT_COEXISTENCE": true,
    "SOC_SUPPORT_SECURE_BOOT_REVOKE_KEY": true,
    "SOC_SYSTIMER_ALARM_MISS_COMPENSATE": true,
    "SOC_SYSTIMER_ALARM_NUM": 3,
    "SOC_SYSTIMER_BIT_WIDTH_HI": 20,
    "SOC_SYSTIMER_BIT_WIDTH_LO": 32,
    "SOC_SYSTIMER_COUNTER_NUM": 2,
    "SOC_SYSTIMER_FIXED_DIVIDER": true,
    "SOC_SYSTIMER_INT_LEVEL": true,
    "SOC_SYSTIMER_SUPPORTED": true,
    "SOC_SYSTIMER_SUPPORT_ETM": true,
    "SOC_SYSTIMER_SUPPORT_RC_FAST": true,
    "SOC_TEMPERATURE_SENSOR_INTR_SUPPORT": true,
    "SOC_TEMPERATURE_SENSOR_SUPPORT_FAST_RC": true,
    "SOC_TEMPERATURE_SENSOR_SUPPORT_XTAL": true,
    "SOC_TEMP_SENSOR_SUPPORTED": true,
    "SOC_TIMER_GROUPS": 2,
    "SOC_TIMER_GROUP_COUNTER_BIT_WIDTH": 54,
    "SOC_TIMER_GROUP_SUPPORT_RC_FAST": true,
    "SOC_TIMER_GROUP_SUPPORT_XTAL": true,
    "SOC_TIMER_GROUP_TIMERS_PER_GROUP": 1,
    "SOC_TIMER_GROUP_TOTAL_TIMERS": 2,
    "SOC_TIMER_SUPPORT_ETM": true,
    "SOC_TWAI_BRP_MAX": 32768,
    "SOC_TWAI_BRP_MIN": 2,
    "SOC_TWAI_CLK_SUPPORT_XTAL": true,
    "SOC_TWAI_CONTROLLER_NUM": 2,
    "SOC_TWAI_SUPPORTED": true,
    "SOC_TWAI_SUPPORTS_RX_STATUS": true,
    "SOC_UART_BITRATE_MAX": 5000000,
    "SOC_UART_FIFO_LEN": 128,
    "SOC_UART_HAS_LP_UART": true,
    "SOC_UART_HP_NUM": 2,
    "SOC_UART_LP_NUM": 1,
    "SOC_UART_NUM": 3,
    "SOC_UART_SUPPORTED": true,
    "SOC_UART_SUPPORT_FSM_TX_WAIT_SEND": true,
    "SOC_UART_SUPPORT_PLL_F80M_CLK": true,
    "SOC_UART_SUPPORT_RTC_CLK": true,
    "SOC_UART_SUPPORT_WAKEUP_INT": true,
    "SOC_UART_SUPPORT_XTAL_CLK": true,
    "SOC_ULP_LP_UART_SUPPORTED": true,
    "SOC_ULP_SUPPORTED": true,
    "SOC_USB_SERIAL_JTAG_SUPPORTED": true,
    "SOC_WDT_SUPPORTED": true,
    "SOC_WIFI_CSI_SUPPORT": true,
    "SOC_WIFI_FTM_SUPPORT": true,
    "SOC_WIFI_GCMP_SUPPORT": true,
    "SOC_WIFI_HE_SUPPORT": true,
    "SOC_WIFI_HW_TSF": true,
    "SOC_WIFI_LIGHT_SLEEP_CLK_WIDTH": 12,
    "SOC_WIFI_MESH_SUPPORT": true,
    "SOC_WIFI_SUPPORTED": true,
    "SOC_WIFI_WAPI_SUPPORT": true,
    "SOC_XTAL_SUPPORT_40M": true,
    "SPI_FLASH_BROWNOUT_RESET": true,
    "SPI_FLASH_BROWNOUT_RESET_XMC": true,
    "SPI_FLASH_BYPASS_BLOCK_ERASE": false,
    "SPI_FLASH_CHECK_ERASE_TIMEOUT_DISABLED": false,
    "SPI_FLASH_DANGEROUS_WRITE_ABORTS": true,
    "SPI_FLASH_DANGEROUS_WRITE_ALLOWED": false,
    "SPI_FLASH_DANGEROUS_WRITE_FAILS": false,
    "SPI_FLASH_ENABLE_COUNTERS": false,
    "SPI_FLASH_ENABLE_ENCRYPTED_READ_WRITE": true,
    "SPI_FLASH_ERASE_YIELD_DURATION_MS": 20,
    "SPI_FLASH_ERASE_YIELD_TICKS": 1,
    "SPI_FLASH_OVERRIDE_CHIP_DRIVER_LIST": false,
    "SPI_FLASH_ROM_DRIVER_PATCH": true,
    "SPI_FLASH_ROM_IMPL": false,
    "SPI_FLASH_SIZE_OVERRIDE": false,
    "SPI_FLASH_SUPPORT_BOYA_CHIP": false,
    "SPI_FLASH_SUPPORT_GD_CHIP": false,
    "SPI_FLASH_SUPPORT_ISSI_CHIP": false,
    "SPI_FLASH_SUPPORT_MXIC_CHIP": false,
    "SPI_FLASH_SUPPORT_TH_CHIP": false,
    "SPI_FLASH_SUPPORT_WINBOND_CHIP": false,
    "SPI_FLASH_VENDOR_XMC_SUPPORTED": true,
    "SPI_FLASH_VERIFY_WRITE": false,
    "SPI_FLASH_WRITE_CHUNK_SIZE": 8192,
    "SPI_FLASH_YIELD_DURING_ERASE": true,
    "XTAL_FREQ": 40,
    "XTAL_FREQ_40": true
}