{
    "version":            "1.1",
    "project_name":       "bootloader",
    "project_version":    "v5.2.2",
    "project_path":       "/Users/mdahal01/Documents/esp-idf/components/bootloader/subproject",
    "idf_path":           "/Users/mdahal01/Documents/esp-idf",
    "build_dir":          "/Users/mdahal01/Documents/ESPwithI2S/micropython/ports/esp32/build-ESP32_GENERIC_C6/bootloader",
    "config_file":        "/Users/mdahal01/Documents/ESPwithI2S/micropython/ports/esp32/build-ESP32_GENERIC_C6/sdkconfig",
    "config_defaults":    "",
    "bootloader_elf":     "",
    "app_elf":            "bootloader.elf",
    "app_bin":            "bootloader.bin",
    "build_type":         "flash_app",
    "git_revision":       "v5.2.2",
    "target":             "esp32c6",
    "rev":                "",
    "min_rev":            "0",
    "max_rev":            "99",
    "phy_data_partition": "",
    "monitor_baud" :      "115200",
    "monitor_toolprefix": "riscv32-esp-elf-",
    "c_compiler":         "/Users/mdahal01/.espressif/tools/riscv32-esp-elf/esp-13.2.0_20230928/riscv32-esp-elf/bin/riscv32-esp-elf-gcc",
    "config_environment" : {
        "COMPONENT_KCONFIGS" : "/Users/mdahal01/Documents/esp-idf/components/efuse/Kconfig;/Users/mdahal01/Documents/esp-idf/components/esp_common/Kconfig;/Users/mdahal01/Documents/esp-idf/components/esp_hw_support/Kconfig;/Users/mdahal01/Documents/esp-idf/components/esp_system/Kconfig;/Users/mdahal01/Documents/esp-idf/components/freertos/Kconfig;/Users/mdahal01/Documents/esp-idf/components/hal/Kconfig;/Users/mdahal01/Documents/esp-idf/components/log/Kconfig;/Users/mdahal01/Documents/esp-idf/components/newlib/Kconfig;/Users/mdahal01/Documents/esp-idf/components/soc/Kconfig;/Users/mdahal01/Documents/esp-idf/components/spi_flash/Kconfig",
        "COMPONENT_KCONFIGS_PROJBUILD" : "/Users/mdahal01/Documents/esp-idf/components/bootloader/Kconfig.projbuild;/Users/mdahal01/Documents/esp-idf/components/esp_app_format/Kconfig.projbuild;/Users/mdahal01/Documents/esp-idf/components/esp_rom/Kconfig.projbuild;/Users/mdahal01/Documents/esp-idf/components/esptool_py/Kconfig.projbuild;/Users/mdahal01/Documents/esp-idf/components/partition_table/Kconfig.projbuild"
    },
    "common_component_reqs": [ "log", "esp_rom", "esp_common", "esp_hw_support", "newlib", "riscv" ],
    "build_components" : [ "bootloader", "bootloader_support", "efuse", "esp_app_format", "esp_bootloader_format", "esp_common", "esp_hw_support", "esp_rom", "esp_system", "esptool_py", "freertos", "hal", "log", "main", "micro-ecc", "newlib", "partition_table", "riscv", "soc", "spi_flash", "" ],
    "build_component_paths" : [ "/Users/mdahal01/Documents/esp-idf/components/bootloader", "/Users/mdahal01/Documents/esp-idf/components/bootloader_support", "/Users/mdahal01/Documents/esp-idf/components/efuse", "/Users/mdahal01/Documents/esp-idf/components/esp_app_format", "/Users/mdahal01/Documents/esp-idf/components/esp_bootloader_format", "/Users/mdahal01/Documents/esp-idf/components/esp_common", "/Users/mdahal01/Documents/esp-idf/components/esp_hw_support", "/Users/mdahal01/Documents/esp-idf/components/esp_rom", "/Users/mdahal01/Documents/esp-idf/components/esp_system", "/Users/mdahal01/Documents/esp-idf/components/esptool_py", "/Users/mdahal01/Documents/esp-idf/components/freertos", "/Users/mdahal01/Documents/esp-idf/components/hal", "/Users/mdahal01/Documents/esp-idf/components/log", "/Users/mdahal01/Documents/esp-idf/components/bootloader/subproject/main", "/Users/mdahal01/Documents/esp-idf/components/bootloader/subproject/components/micro-ecc", "/Users/mdahal01/Documents/esp-idf/components/newlib", "/Users/mdahal01/Documents/esp-idf/components/partition_table", "/Users/mdahal01/Documents/esp-idf/components/riscv", "/Users/mdahal01/Documents/esp-idf/components/soc", "/Users/mdahal01/Documents/esp-idf/components/spi_flash", "" ],
    "build_component_info" : {
        "bootloader": {
            "alias": "idf::bootloader",
            "target": "___idf_bootloader",
            "prefix": "idf",
            "dir": "/Users/mdahal01/Documents/esp-idf/components/bootloader",
            "type": "CONFIG_ONLY",
            "lib": "__idf_bootloader",
            "reqs": [],
            "priv_reqs": [ "partition_table", "esptool_py" ],
            "managed_reqs": [],
            "managed_priv_reqs": [],
            "file": "",
            "sources": [],
            "include_dirs": []
        },
        "bootloader_support": {
            "alias": "idf::bootloader_support",
            "target": "___idf_bootloader_support",
            "prefix": "idf",
            "dir": "/Users/mdahal01/Documents/esp-idf/components/bootloader_support",
            "type": "LIBRARY",
            "lib": "__idf_bootloader_support",
            "reqs": [ "soc" ],
            "priv_reqs": [ "micro-ecc", "spi_flash", "efuse", "esp_bootloader_format", "esp_app_format", "hal" ],
            "managed_reqs": [],
            "managed_priv_reqs": [],
            "file": "/Users/mdahal01/Documents/ESPwithI2S/micropython/ports/esp32/build-ESP32_GENERIC_C6/bootloader/esp-idf/bootloader_support/libbootloader_support.a",
            "sources": [ "/Users/mdahal01/Documents/esp-idf/components/bootloader_support/src/bootloader_common.c", "/Users/mdahal01/Documents/esp-idf/components/bootloader_support/src/bootloader_common_loader.c", "/Users/mdahal01/Documents/esp-idf/components/bootloader_support/src/bootloader_clock_init.c", "/Users/mdahal01/Documents/esp-idf/components/bootloader_support/src/bootloader_mem.c", "/Users/mdahal01/Documents/esp-idf/components/bootloader_support/src/bootloader_random.c", "/Users/mdahal01/Documents/esp-idf/components/bootloader_support/src/bootloader_efuse.c", "/Users/mdahal01/Documents/esp-idf/components/bootloader_support/src/flash_encrypt.c", "/Users/mdahal01/Documents/esp-idf/components/bootloader_support/src/secure_boot.c", "/Users/mdahal01/Documents/esp-idf/components/bootloader_support/src/bootloader_random_esp32c6.c", "/Users/mdahal01/Documents/esp-idf/components/bootloader_support/bootloader_flash/src/bootloader_flash.c", "/Users/mdahal01/Documents/esp-idf/components/bootloader_support/bootloader_flash/src/flash_qio_mode.c", "/Users/mdahal01/Documents/esp-idf/components/bootloader_support/bootloader_flash/src/bootloader_flash_config_esp32c6.c", "/Users/mdahal01/Documents/esp-idf/components/bootloader_support/src/bootloader_utility.c", "/Users/mdahal01/Documents/esp-idf/components/bootloader_support/src/flash_partitions.c", "/Users/mdahal01/Documents/esp-idf/components/bootloader_support/src/esp_image_format.c", "/Users/mdahal01/Documents/esp-idf/components/bootloader_support/src/bootloader_init.c", "/Users/mdahal01/Documents/esp-idf/components/bootloader_support/src/bootloader_clock_loader.c", "/Users/mdahal01/Documents/esp-idf/components/bootloader_support/src/bootloader_console.c", "/Users/mdahal01/Documents/esp-idf/components/bootloader_support/src/bootloader_console_loader.c", "/Users/mdahal01/Documents/esp-idf/components/bootloader_support/src/esp32c6/bootloader_sha.c", "/Users/mdahal01/Documents/esp-idf/components/bootloader_support/src/esp32c6/bootloader_soc.c", "/Users/mdahal01/Documents/esp-idf/components/bootloader_support/src/esp32c6/bootloader_esp32c6.c", "/Users/mdahal01/Documents/esp-idf/components/bootloader_support/src/esp32c6/bootloader_ecdsa.c", "/Users/mdahal01/Documents/esp-idf/components/bootloader_support/src/bootloader_panic.c" ],
            "include_dirs": [ "include", "bootloader_flash/include", "private_include" ]
        },
        "efuse": {
            "alias": "idf::efuse",
            "target": "___idf_efuse",
            "prefix": "idf",
            "dir": "/Users/mdahal01/Documents/esp-idf/components/efuse",
            "type": "LIBRARY",
            "lib": "__idf_efuse",
            "reqs": [],
            "priv_reqs": [ "bootloader_support", "soc", "spi_flash" ],
            "managed_reqs": [],
            "managed_priv_reqs": [],
            "file": "/Users/mdahal01/Documents/ESPwithI2S/micropython/ports/esp32/build-ESP32_GENERIC_C6/bootloader/esp-idf/efuse/libefuse.a",
            "sources": [ "/Users/mdahal01/Documents/esp-idf/components/efuse/esp32c6/esp_efuse_table.c", "/Users/mdahal01/Documents/esp-idf/components/efuse/esp32c6/esp_efuse_fields.c", "/Users/mdahal01/Documents/esp-idf/components/efuse/esp32c6/esp_efuse_rtc_calib.c", "/Users/mdahal01/Documents/esp-idf/components/efuse/esp32c6/esp_efuse_utility.c", "/Users/mdahal01/Documents/esp-idf/components/efuse/src/esp_efuse_api.c", "/Users/mdahal01/Documents/esp-idf/components/efuse/src/esp_efuse_fields.c", "/Users/mdahal01/Documents/esp-idf/components/efuse/src/esp_efuse_utility.c", "/Users/mdahal01/Documents/esp-idf/components/efuse/src/efuse_controller/keys/with_key_purposes/esp_efuse_api_key.c" ],
            "include_dirs": [ "include", "esp32c6/include" ]
        },
        "esp_app_format": {
            "alias": "idf::esp_app_format",
            "target": "___idf_esp_app_format",
            "prefix": "idf",
            "dir": "/Users/mdahal01/Documents/esp-idf/components/esp_app_format",
            "type": "CONFIG_ONLY",
            "lib": "__idf_esp_app_format",
            "reqs": [],
            "priv_reqs": [],
            "managed_reqs": [],
            "managed_priv_reqs": [],
            "file": "",
            "sources": [],
            "include_dirs": [ "include" ]
        },
        "esp_bootloader_format": {
            "alias": "idf::esp_bootloader_format",
            "target": "___idf_esp_bootloader_format",
            "prefix": "idf",
            "dir": "/Users/mdahal01/Documents/esp-idf/components/esp_bootloader_format",
            "type": "LIBRARY",
            "lib": "__idf_esp_bootloader_format",
            "reqs": [],
            "priv_reqs": [],
            "managed_reqs": [],
            "managed_priv_reqs": [],
            "file": "/Users/mdahal01/Documents/ESPwithI2S/micropython/ports/esp32/build-ESP32_GENERIC_C6/bootloader/esp-idf/esp_bootloader_format/libesp_bootloader_format.a",
            "sources": [ "/Users/mdahal01/Documents/esp-idf/components/esp_bootloader_format/esp_bootloader_desc.c" ],
            "include_dirs": [ "include" ]
        },
        "esp_common": {
            "alias": "idf::esp_common",
            "target": "___idf_esp_common",
            "prefix": "idf",
            "dir": "/Users/mdahal01/Documents/esp-idf/components/esp_common",
            "type": "LIBRARY",
            "lib": "__idf_esp_common",
            "reqs": [],
            "priv_reqs": [],
            "managed_reqs": [],
            "managed_priv_reqs": [],
            "file": "/Users/mdahal01/Documents/ESPwithI2S/micropython/ports/esp32/build-ESP32_GENERIC_C6/bootloader/esp-idf/esp_common/libesp_common.a",
            "sources": [ "/Users/mdahal01/Documents/esp-idf/components/esp_common/src/esp_err_to_name.c" ],
            "include_dirs": [ "include" ]
        },
        "esp_hw_support": {
            "alias": "idf::esp_hw_support",
            "target": "___idf_esp_hw_support",
            "prefix": "idf",
            "dir": "/Users/mdahal01/Documents/esp-idf/components/esp_hw_support",
            "type": "LIBRARY",
            "lib": "__idf_esp_hw_support",
            "reqs": [ "soc" ],
            "priv_reqs": [ "efuse", "spi_flash", "bootloader_support", "hal", "esp_system" ],
            "managed_reqs": [],
            "managed_priv_reqs": [],
            "file": "/Users/mdahal01/Documents/ESPwithI2S/micropython/ports/esp32/build-ESP32_GENERIC_C6/bootloader/esp-idf/esp_hw_support/libesp_hw_support.a",
            "sources": [ "/Users/mdahal01/Documents/esp-idf/components/esp_hw_support/cpu.c", "/Users/mdahal01/Documents/esp-idf/components/esp_hw_support/esp_memory_utils.c", "/Users/mdahal01/Documents/esp-idf/components/esp_hw_support/port/esp32c6/cpu_region_protect.c", "/Users/mdahal01/Documents/esp-idf/components/esp_hw_support/port/esp32c6/rtc_clk_init.c", "/Users/mdahal01/Documents/esp-idf/components/esp_hw_support/port/esp32c6/rtc_clk.c", "/Users/mdahal01/Documents/esp-idf/components/esp_hw_support/port/esp32c6/pmu_param.c", "/Users/mdahal01/Documents/esp-idf/components/esp_hw_support/port/esp32c6/pmu_init.c", "/Users/mdahal01/Documents/esp-idf/components/esp_hw_support/port/esp32c6/pmu_sleep.c", "/Users/mdahal01/Documents/esp-idf/components/esp_hw_support/port/esp32c6/rtc_time.c", "/Users/mdahal01/Documents/esp-idf/components/esp_hw_support/port/esp32c6/chip_info.c", "/Users/mdahal01/Documents/esp-idf/components/esp_hw_support/port/esp32c6/ocode_init.c" ],
            "include_dirs": [ "include", "include/soc", "include/soc/esp32c6" ]
        },
        "esp_rom": {
            "alias": "idf::esp_rom",
            "target": "___idf_esp_rom",
            "prefix": "idf",
            "dir": "/Users/mdahal01/Documents/esp-idf/components/esp_rom",
            "type": "LIBRARY",
            "lib": "__idf_esp_rom",
            "reqs": [],
            "priv_reqs": [ "soc", "hal" ],
            "managed_reqs": [],
            "managed_priv_reqs": [],
            "file": "/Users/mdahal01/Documents/ESPwithI2S/micropython/ports/esp32/build-ESP32_GENERIC_C6/bootloader/esp-idf/esp_rom/libesp_rom.a",
            "sources": [ "/Users/mdahal01/Documents/esp-idf/components/esp_rom/patches/esp_rom_crc.c", "/Users/mdahal01/Documents/esp-idf/components/esp_rom/patches/esp_rom_sys.c", "/Users/mdahal01/Documents/esp-idf/components/esp_rom/patches/esp_rom_uart.c", "/Users/mdahal01/Documents/esp-idf/components/esp_rom/patches/esp_rom_spiflash.c", "/Users/mdahal01/Documents/esp-idf/components/esp_rom/patches/esp_rom_efuse.c", "/Users/mdahal01/Documents/esp-idf/components/esp_rom/patches/esp_rom_hp_regi2c_esp32c6.c", "/Users/mdahal01/Documents/esp-idf/components/esp_rom/patches/esp_rom_systimer.c", "/Users/mdahal01/Documents/esp-idf/components/esp_rom/patches/esp_rom_wdt.c" ],
            "include_dirs": [ "include", "include/esp32c6", "esp32c6" ]
        },
        "esp_system": {
            "alias": "idf::esp_system",
            "target": "___idf_esp_system",
            "prefix": "idf",
            "dir": "/Users/mdahal01/Documents/esp-idf/components/esp_system",
            "type": "LIBRARY",
            "lib": "__idf_esp_system",
            "reqs": [ "spi_flash" ],
            "priv_reqs": [],
            "managed_reqs": [],
            "managed_priv_reqs": [],
            "file": "/Users/mdahal01/Documents/ESPwithI2S/micropython/ports/esp32/build-ESP32_GENERIC_C6/bootloader/esp-idf/esp_system/libesp_system.a",
            "sources": [ "/Users/mdahal01/Documents/esp-idf/components/esp_system/esp_err.c" ],
            "include_dirs": []
        },
        "esptool_py": {
            "alias": "idf::esptool_py",
            "target": "___idf_esptool_py",
            "prefix": "idf",
            "dir": "/Users/mdahal01/Documents/esp-idf/components/esptool_py",
            "type": "CONFIG_ONLY",
            "lib": "__idf_esptool_py",
            "reqs": [ "bootloader" ],
            "priv_reqs": [ "partition_table" ],
            "managed_reqs": [],
            "managed_priv_reqs": [],
            "file": "",
            "sources": [],
            "include_dirs": []
        },
        "freertos": {
            "alias": "idf::freertos",
            "target": "___idf_freertos",
            "prefix": "idf",
            "dir": "/Users/mdahal01/Documents/esp-idf/components/freertos",
            "type": "CONFIG_ONLY",
            "lib": "__idf_freertos",
            "reqs": [],
            "priv_reqs": [],
            "managed_reqs": [],
            "managed_priv_reqs": [],
            "file": "",
            "sources": [],
            "include_dirs": []
        },
        "hal": {
            "alias": "idf::hal",
            "target": "___idf_hal",
            "prefix": "idf",
            "dir": "/Users/mdahal01/Documents/esp-idf/components/hal",
            "type": "LIBRARY",
            "lib": "__idf_hal",
            "reqs": [ "soc", "esp_rom" ],
            "priv_reqs": [],
            "managed_reqs": [],
            "managed_priv_reqs": [],
            "file": "/Users/mdahal01/Documents/ESPwithI2S/micropython/ports/esp32/build-ESP32_GENERIC_C6/bootloader/esp-idf/hal/libhal.a",
            "sources": [ "/Users/mdahal01/Documents/esp-idf/components/hal/hal_utils.c", "/Users/mdahal01/Documents/esp-idf/components/hal/efuse_hal.c", "/Users/mdahal01/Documents/esp-idf/components/hal/esp32c6/efuse_hal.c", "/Users/mdahal01/Documents/esp-idf/components/hal/lp_timer_hal.c", "/Users/mdahal01/Documents/esp-idf/components/hal/mmu_hal.c", "/Users/mdahal01/Documents/esp-idf/components/hal/cache_hal.c" ],
            "include_dirs": [ "platform_port/include", "esp32c6/include", "include" ]
        },
        "log": {
            "alias": "idf::log",
            "target": "___idf_log",
            "prefix": "idf",
            "dir": "/Users/mdahal01/Documents/esp-idf/components/log",
            "type": "LIBRARY",
            "lib": "__idf_log",
            "reqs": [],
            "priv_reqs": [ "soc", "hal", "esp_hw_support" ],
            "managed_reqs": [],
            "managed_priv_reqs": [],
            "file": "/Users/mdahal01/Documents/ESPwithI2S/micropython/ports/esp32/build-ESP32_GENERIC_C6/bootloader/esp-idf/log/liblog.a",
            "sources": [ "/Users/mdahal01/Documents/esp-idf/components/log/log.c", "/Users/mdahal01/Documents/esp-idf/components/log/log_buffers.c", "/Users/mdahal01/Documents/esp-idf/components/log/log_noos.c" ],
            "include_dirs": [ "include" ]
        },
        "main": {
            "alias": "idf::main",
            "target": "___idf_main",
            "prefix": "idf",
            "dir": "/Users/mdahal01/Documents/esp-idf/components/bootloader/subproject/main",
            "type": "LIBRARY",
            "lib": "__idf_main",
            "reqs": [ "bootloader", "bootloader_support" ],
            "priv_reqs": [],
            "managed_reqs": [],
            "managed_priv_reqs": [],
            "file": "/Users/mdahal01/Documents/ESPwithI2S/micropython/ports/esp32/build-ESP32_GENERIC_C6/bootloader/esp-idf/main/libmain.a",
            "sources": [ "/Users/mdahal01/Documents/esp-idf/components/bootloader/subproject/main/bootloader_start.c" ],
            "include_dirs": []
        },
        "micro-ecc": {
            "alias": "idf::micro-ecc",
            "target": "___idf_micro-ecc",
            "prefix": "idf",
            "dir": "/Users/mdahal01/Documents/esp-idf/components/bootloader/subproject/components/micro-ecc",
            "type": "LIBRARY",
            "lib": "__idf_micro-ecc",
            "reqs": [],
            "priv_reqs": [],
            "managed_reqs": [],
            "managed_priv_reqs": [],
            "file": "/Users/mdahal01/Documents/ESPwithI2S/micropython/ports/esp32/build-ESP32_GENERIC_C6/bootloader/esp-idf/micro-ecc/libmicro-ecc.a",
            "sources": [ "/Users/mdahal01/Documents/esp-idf/components/bootloader/subproject/components/micro-ecc/uECC_verify_antifault.c" ],
            "include_dirs": [ ".", "micro-ecc" ]
        },
        "newlib": {
            "alias": "idf::newlib",
            "target": "___idf_newlib",
            "prefix": "idf",
            "dir": "/Users/mdahal01/Documents/esp-idf/components/newlib",
            "type": "CONFIG_ONLY",
            "lib": "__idf_newlib",
            "reqs": [],
            "priv_reqs": [],
            "managed_reqs": [],
            "managed_priv_reqs": [],
            "file": "",
            "sources": [],
            "include_dirs": [ "platform_include" ]
        },
        "partition_table": {
            "alias": "idf::partition_table",
            "target": "___idf_partition_table",
            "prefix": "idf",
            "dir": "/Users/mdahal01/Documents/esp-idf/components/partition_table",
            "type": "CONFIG_ONLY",
            "lib": "__idf_partition_table",
            "reqs": [],
            "priv_reqs": [ "esptool_py" ],
            "managed_reqs": [],
            "managed_priv_reqs": [],
            "file": "",
            "sources": [],
            "include_dirs": []
        },
        "riscv": {
            "alias": "idf::riscv",
            "target": "___idf_riscv",
            "prefix": "idf",
            "dir": "/Users/mdahal01/Documents/esp-idf/components/riscv",
            "type": "CONFIG_ONLY",
            "lib": "__idf_riscv",
            "reqs": [],
            "priv_reqs": [ "soc" ],
            "managed_reqs": [],
            "managed_priv_reqs": [],
            "file": "",
            "sources": [],
            "include_dirs": [ "include" ]
        },
        "soc": {
            "alias": "idf::soc",
            "target": "___idf_soc",
            "prefix": "idf",
            "dir": "/Users/mdahal01/Documents/esp-idf/components/soc",
            "type": "LIBRARY",
            "lib": "__idf_soc",
            "reqs": [],
            "priv_reqs": [],
            "managed_reqs": [],
            "managed_priv_reqs": [],
            "file": "/Users/mdahal01/Documents/ESPwithI2S/micropython/ports/esp32/build-ESP32_GENERIC_C6/bootloader/esp-idf/soc/libsoc.a",
            "sources": [ "/Users/mdahal01/Documents/esp-idf/components/soc/lldesc.c", "/Users/mdahal01/Documents/esp-idf/components/soc/dport_access_common.c", "/Users/mdahal01/Documents/esp-idf/components/soc/esp32c6/interrupts.c", "/Users/mdahal01/Documents/esp-idf/components/soc/esp32c6/gpio_periph.c", "/Users/mdahal01/Documents/esp-idf/components/soc/esp32c6/uart_periph.c", "/Users/mdahal01/Documents/esp-idf/components/soc/esp32c6/adc_periph.c", "/Users/mdahal01/Documents/esp-idf/components/soc/esp32c6/dedic_gpio_periph.c", "/Users/mdahal01/Documents/esp-idf/components/soc/esp32c6/gdma_periph.c", "/Users/mdahal01/Documents/esp-idf/components/soc/esp32c6/spi_periph.c", "/Users/mdahal01/Documents/esp-idf/components/soc/esp32c6/ledc_periph.c", "/Users/mdahal01/Documents/esp-idf/components/soc/esp32c6/pcnt_periph.c", "/Users/mdahal01/Documents/esp-idf/components/soc/esp32c6/rmt_periph.c", "/Users/mdahal01/Documents/esp-idf/components/soc/esp32c6/sdm_periph.c", "/Users/mdahal01/Documents/esp-idf/components/soc/esp32c6/i2s_periph.c", "/Users/mdahal01/Documents/esp-idf/components/soc/esp32c6/i2c_periph.c", "/Users/mdahal01/Documents/esp-idf/components/soc/esp32c6/temperature_sensor_periph.c", "/Users/mdahal01/Documents/esp-idf/components/soc/esp32c6/timer_periph.c", "/Users/mdahal01/Documents/esp-idf/components/soc/esp32c6/parlio_periph.c", "/Users/mdahal01/Documents/esp-idf/components/soc/esp32c6/mcpwm_periph.c", "/Users/mdahal01/Documents/esp-idf/components/soc/esp32c6/mpi_periph.c", "/Users/mdahal01/Documents/esp-idf/components/soc/esp32c6/twai_periph.c", "/Users/mdahal01/Documents/esp-idf/components/soc/esp32c6/ieee802154_periph.c", "/Users/mdahal01/Documents/esp-idf/components/soc/esp32c6/rtc_io_periph.c", "/Users/mdahal01/Documents/esp-idf/components/soc/esp32c6/sdio_slave_periph.c" ],
            "include_dirs": [ "include", "esp32c6", "esp32c6/include" ]
        },
        "spi_flash": {
            "alias": "idf::spi_flash",
            "target": "___idf_spi_flash",
            "prefix": "idf",
            "dir": "/Users/mdahal01/Documents/esp-idf/components/spi_flash",
            "type": "LIBRARY",
            "lib": "__idf_spi_flash",
            "reqs": [ "hal" ],
            "priv_reqs": [ "bootloader_support", "soc" ],
            "managed_reqs": [],
            "managed_priv_reqs": [],
            "file": "/Users/mdahal01/Documents/ESPwithI2S/micropython/ports/esp32/build-ESP32_GENERIC_C6/bootloader/esp-idf/spi_flash/libspi_flash.a",
            "sources": [ "/Users/mdahal01/Documents/esp-idf/components/spi_flash/spi_flash_wrap.c" ],
            "include_dirs": [ "include" ]
        }
    },
    "all_component_info" : {
        "app_trace": {
            "alias": "idf::app_trace",
            "target": "___idf_app_trace",
            "prefix": "idf",
            "dir": "/Users/mdahal01/Documents/esp-idf/components/app_trace",
            "lib": "__idf_app_trace",
            "reqs": [ "esp_timer" ],
            "priv_reqs": [ "soc", "driver" ],
            "managed_reqs": [],
            "managed_priv_reqs": [],
            "include_dirs": [ "include" ]
        },
        "app_update": {
            "alias": "idf::app_update",
            "target": "___idf_app_update",
            "prefix": "idf",
            "dir": "/Users/mdahal01/Documents/esp-idf/components/app_update",
            "lib": "__idf_app_update",
            "reqs": [ "partition_table", "bootloader_support", "esp_app_format", "esp_bootloader_format", "esp_partition" ],
            "priv_reqs": [ "esptool_py", "efuse", "spi_flash" ],
            "managed_reqs": [],
            "managed_priv_reqs": [],
            "include_dirs": [ "include" ]
        },
        "bootloader": {
            "alias": "idf::bootloader",
            "target": "___idf_bootloader",
            "prefix": "idf",
            "dir": "/Users/mdahal01/Documents/esp-idf/components/bootloader",
            "lib": "__idf_bootloader",
            "reqs": [],
            "priv_reqs": [ "partition_table", "esptool_py" ],
            "managed_reqs": [],
            "managed_priv_reqs": [],
            "include_dirs": []
        },
        "bootloader_support": {
            "alias": "idf::bootloader_support",
            "target": "___idf_bootloader_support",
            "prefix": "idf",
            "dir": "/Users/mdahal01/Documents/esp-idf/components/bootloader_support",
            "lib": "__idf_bootloader_support",
            "reqs": [ "soc" ],
            "priv_reqs": [ "micro-ecc", "spi_flash", "efuse", "esp_bootloader_format", "esp_app_format", "hal" ],
            "managed_reqs": [],
            "managed_priv_reqs": [],
            "include_dirs": [ "include", "bootloader_flash/include", "private_include" ]
        },
        "bt": {
            "alias": "idf::bt",
            "target": "___idf_bt",
            "prefix": "idf",
            "dir": "/Users/mdahal01/Documents/esp-idf/components/bt",
            "lib": "__idf_bt",
            "reqs": [ "esp_timer", "esp_wifi" ],
            "priv_reqs": [ "nvs_flash", "soc", "esp_pm", "esp_phy", "esp_coex", "mbedtls", "driver", "vfs" ],
            "managed_reqs": [],
            "managed_priv_reqs": [],
            "include_dirs": []
        },
        "cmock": {
            "alias": "idf::cmock",
            "target": "___idf_cmock",
            "prefix": "idf",
            "dir": "/Users/mdahal01/Documents/esp-idf/components/cmock",
            "lib": "__idf_cmock",
            "reqs": [ "unity" ],
            "priv_reqs": [],
            "managed_reqs": [],
            "managed_priv_reqs": [],
            "include_dirs": [ "CMock/src" ]
        },
        "console": {
            "alias": "idf::console",
            "target": "___idf_console",
            "prefix": "idf",
            "dir": "/Users/mdahal01/Documents/esp-idf/components/console",
            "lib": "__idf_console",
            "reqs": [ "vfs" ],
            "priv_reqs": [ "driver" ],
            "managed_reqs": [],
            "managed_priv_reqs": [],
            "include_dirs": [ "/Users/mdahal01/Documents/ESPwithI2S/micropython/ports/esp32/build-ESP32_GENERIC_C6/bootloader" ]
        },
        "cxx": {
            "alias": "idf::cxx",
            "target": "___idf_cxx",
            "prefix": "idf",
            "dir": "/Users/mdahal01/Documents/esp-idf/components/cxx",
            "lib": "__idf_cxx",
            "reqs": [],
            "priv_reqs": [ "pthread" ],
            "managed_reqs": [],
            "managed_priv_reqs": [],
            "include_dirs": []
        },
        "driver": {
            "alias": "idf::driver",
            "target": "___idf_driver",
            "prefix": "idf",
            "dir": "/Users/mdahal01/Documents/esp-idf/components/driver",
            "lib": "__idf_driver",
            "reqs": [],
            "priv_reqs": [],
            "managed_reqs": [],
            "managed_priv_reqs": [],
            "include_dirs": []
        },
        "efuse": {
            "alias": "idf::efuse",
            "target": "___idf_efuse",
            "prefix": "idf",
            "dir": "/Users/mdahal01/Documents/esp-idf/components/efuse",
            "lib": "__idf_efuse",
            "reqs": [],
            "priv_reqs": [ "bootloader_support", "soc", "spi_flash" ],
            "managed_reqs": [],
            "managed_priv_reqs": [],
            "include_dirs": [ "include", "esp32c6/include" ]
        },
        "esp-tls": {
            "alias": "idf::esp-tls",
            "target": "___idf_esp-tls",
            "prefix": "idf",
            "dir": "/Users/mdahal01/Documents/esp-idf/components/esp-tls",
            "lib": "__idf_esp-tls",
            "reqs": [ "mbedtls" ],
            "priv_reqs": [ "http_parser", "esp_timer", "lwip" ],
            "managed_reqs": [],
            "managed_priv_reqs": [],
            "include_dirs": [ "/Users/mdahal01/Documents/ESPwithI2S/micropython/ports/esp32/build-ESP32_GENERIC_C6/bootloader", "esp-tls-crypto" ]
        },
        "esp_adc": {
            "alias": "idf::esp_adc",
            "target": "___idf_esp_adc",
            "prefix": "idf",
            "dir": "/Users/mdahal01/Documents/esp-idf/components/esp_adc",
            "lib": "__idf_esp_adc",
            "reqs": [],
            "priv_reqs": [ "driver", "efuse" ],
            "managed_reqs": [],
            "managed_priv_reqs": [],
            "include_dirs": [ "include", "interface", "esp32c6/include", "deprecated/include" ]
        },
        "esp_app_format": {
            "alias": "idf::esp_app_format",
            "target": "___idf_esp_app_format",
            "prefix": "idf",
            "dir": "/Users/mdahal01/Documents/esp-idf/components/esp_app_format",
            "lib": "__idf_esp_app_format",
            "reqs": [],
            "priv_reqs": [],
            "managed_reqs": [],
            "managed_priv_reqs": [],
            "include_dirs": [ "include" ]
        },
        "esp_bootloader_format": {
            "alias": "idf::esp_bootloader_format",
            "target": "___idf_esp_bootloader_format",
            "prefix": "idf",
            "dir": "/Users/mdahal01/Documents/esp-idf/components/esp_bootloader_format",
            "lib": "__idf_esp_bootloader_format",
            "reqs": [],
            "priv_reqs": [],
            "managed_reqs": [],
            "managed_priv_reqs": [],
            "include_dirs": [ "include" ]
        },
        "esp_coex": {
            "alias": "idf::esp_coex",
            "target": "___idf_esp_coex",
            "prefix": "idf",
            "dir": "/Users/mdahal01/Documents/esp-idf/components/esp_coex",
            "lib": "__idf_esp_coex",
            "reqs": [],
            "priv_reqs": [ "esp_timer", "driver", "esp_event" ],
            "managed_reqs": [],
            "managed_priv_reqs": [],
            "include_dirs": [ "include" ]
        },
        "esp_common": {
            "alias": "idf::esp_common",
            "target": "___idf_esp_common",
            "prefix": "idf",
            "dir": "/Users/mdahal01/Documents/esp-idf/components/esp_common",
            "lib": "__idf_esp_common",
            "reqs": [],
            "priv_reqs": [],
            "managed_reqs": [],
            "managed_priv_reqs": [],
            "include_dirs": [ "include" ]
        },
        "esp_eth": {
            "alias": "idf::esp_eth",
            "target": "___idf_esp_eth",
            "prefix": "idf",
            "dir": "/Users/mdahal01/Documents/esp-idf/components/esp_eth",
            "lib": "__idf_esp_eth",
            "reqs": [ "esp_event" ],
            "priv_reqs": [ "driver", "log", "esp_timer" ],
            "managed_reqs": [],
            "managed_priv_reqs": [],
            "include_dirs": []
        },
        "esp_event": {
            "alias": "idf::esp_event",
            "target": "___idf_esp_event",
            "prefix": "idf",
            "dir": "/Users/mdahal01/Documents/esp-idf/components/esp_event",
            "lib": "__idf_esp_event",
            "reqs": [ "log", "esp_common", "freertos" ],
            "priv_reqs": [ "esp_timer" ],
            "managed_reqs": [],
            "managed_priv_reqs": [],
            "include_dirs": [ "include" ]
        },
        "esp_gdbstub": {
            "alias": "idf::esp_gdbstub",
            "target": "___idf_esp_gdbstub",
            "prefix": "idf",
            "dir": "/Users/mdahal01/Documents/esp-idf/components/esp_gdbstub",
            "lib": "__idf_esp_gdbstub",
            "reqs": [ "freertos" ],
            "priv_reqs": [ "soc", "esp_rom", "esp_system" ],
            "managed_reqs": [],
            "managed_priv_reqs": [],
            "include_dirs": [ "include" ]
        },
        "esp_hid": {
            "alias": "idf::esp_hid",
            "target": "___idf_esp_hid",
            "prefix": "idf",
            "dir": "/Users/mdahal01/Documents/esp-idf/components/esp_hid",
            "lib": "__idf_esp_hid",
            "reqs": [ "esp_event", "bt" ],
            "priv_reqs": [],
            "managed_reqs": [],
            "managed_priv_reqs": [],
            "include_dirs": [ "include" ]
        },
        "esp_http_client": {
            "alias": "idf::esp_http_client",
            "target": "___idf_esp_http_client",
            "prefix": "idf",
            "dir": "/Users/mdahal01/Documents/esp-idf/components/esp_http_client",
            "lib": "__idf_esp_http_client",
            "reqs": [ "lwip", "esp_event" ],
            "priv_reqs": [ "tcp_transport", "http_parser" ],
            "managed_reqs": [],
            "managed_priv_reqs": [],
            "include_dirs": [ "include" ]
        },
        "esp_http_server": {
            "alias": "idf::esp_http_server",
            "target": "___idf_esp_http_server",
            "prefix": "idf",
            "dir": "/Users/mdahal01/Documents/esp-idf/components/esp_http_server",
            "lib": "__idf_esp_http_server",
            "reqs": [ "http_parser", "esp_event" ],
            "priv_reqs": [ "mbedtls", "lwip", "esp_timer" ],
            "managed_reqs": [],
            "managed_priv_reqs": [],
            "include_dirs": [ "include" ]
        },
        "esp_https_ota": {
            "alias": "idf::esp_https_ota",
            "target": "___idf_esp_https_ota",
            "prefix": "idf",
            "dir": "/Users/mdahal01/Documents/esp-idf/components/esp_https_ota",
            "lib": "__idf_esp_https_ota",
            "reqs": [ "esp_http_client", "bootloader_support", "esp_app_format", "esp_event" ],
            "priv_reqs": [ "log", "app_update" ],
            "managed_reqs": [],
            "managed_priv_reqs": [],
            "include_dirs": [ "include" ]
        },
        "esp_https_server": {
            "alias": "idf::esp_https_server",
            "target": "___idf_esp_https_server",
            "prefix": "idf",
            "dir": "/Users/mdahal01/Documents/esp-idf/components/esp_https_server",
            "lib": "__idf_esp_https_server",
            "reqs": [ "esp_http_server", "esp-tls" ],
            "priv_reqs": [ "lwip" ],
            "managed_reqs": [],
            "managed_priv_reqs": [],
            "include_dirs": []
        },
        "esp_hw_support": {
            "alias": "idf::esp_hw_support",
            "target": "___idf_esp_hw_support",
            "prefix": "idf",
            "dir": "/Users/mdahal01/Documents/esp-idf/components/esp_hw_support",
            "lib": "__idf_esp_hw_support",
            "reqs": [ "soc" ],
            "priv_reqs": [ "efuse", "spi_flash", "bootloader_support", "hal", "esp_system" ],
            "managed_reqs": [],
            "managed_priv_reqs": [],
            "include_dirs": [ "include", "include/soc", "include/soc/esp32c6" ]
        },
        "esp_lcd": {
            "alias": "idf::esp_lcd",
            "target": "___idf_esp_lcd",
            "prefix": "idf",
            "dir": "/Users/mdahal01/Documents/esp-idf/components/esp_lcd",
            "lib": "__idf_esp_lcd",
            "reqs": [ "driver" ],
            "priv_reqs": [ "esp_mm", "esp_psram" ],
            "managed_reqs": [],
            "managed_priv_reqs": [],
            "include_dirs": [ "include", "interface" ]
        },
        "esp_local_ctrl": {
            "alias": "idf::esp_local_ctrl",
            "target": "___idf_esp_local_ctrl",
            "prefix": "idf",
            "dir": "/Users/mdahal01/Documents/esp-idf/components/esp_local_ctrl",
            "lib": "__idf_esp_local_ctrl",
            "reqs": [ "protocomm", "esp_https_server" ],
            "priv_reqs": [ "protobuf-c" ],
            "managed_reqs": [],
            "managed_priv_reqs": [],
            "include_dirs": [ "include" ]
        },
        "esp_mm": {
            "alias": "idf::esp_mm",
            "target": "___idf_esp_mm",
            "prefix": "idf",
            "dir": "/Users/mdahal01/Documents/esp-idf/components/esp_mm",
            "lib": "__idf_esp_mm",
            "reqs": [],
            "priv_reqs": [ "heap", "spi_flash" ],
            "managed_reqs": [],
            "managed_priv_reqs": [],
            "include_dirs": [ "include" ]
        },
        "esp_netif": {
            "alias": "idf::esp_netif",
            "target": "___idf_esp_netif",
            "prefix": "idf",
            "dir": "/Users/mdahal01/Documents/esp-idf/components/esp_netif",
            "lib": "__idf_esp_netif",
            "reqs": [ "esp_event" ],
            "priv_reqs": [ "esp_netif_stack" ],
            "managed_reqs": [],
            "managed_priv_reqs": [],
            "include_dirs": [ "include" ]
        },
        "esp_netif_stack": {
            "alias": "idf::esp_netif_stack",
            "target": "___idf_esp_netif_stack",
            "prefix": "idf",
            "dir": "/Users/mdahal01/Documents/esp-idf/components/esp_netif_stack",
            "lib": "__idf_esp_netif_stack",
            "reqs": [ "lwip" ],
            "priv_reqs": [],
            "managed_reqs": [],
            "managed_priv_reqs": [],
            "include_dirs": []
        },
        "esp_partition": {
            "alias": "idf::esp_partition",
            "target": "___idf_esp_partition",
            "prefix": "idf",
            "dir": "/Users/mdahal01/Documents/esp-idf/components/esp_partition",
            "lib": "__idf_esp_partition",
            "reqs": [],
            "priv_reqs": [ "esp_system", "bootloader_support", "spi_flash", "app_update", "partition_table" ],
            "managed_reqs": [],
            "managed_priv_reqs": [],
            "include_dirs": [ "include" ]
        },
        "esp_phy": {
            "alias": "idf::esp_phy",
            "target": "___idf_esp_phy",
            "prefix": "idf",
            "dir": "/Users/mdahal01/Documents/esp-idf/components/esp_phy",
            "lib": "__idf_esp_phy",
            "reqs": [],
            "priv_reqs": [ "nvs_flash", "driver", "efuse", "esp_timer", "esp_wifi" ],
            "managed_reqs": [],
            "managed_priv_reqs": [],
            "include_dirs": [ "include", "esp32c6/include" ]
        },
        "esp_pm": {
            "alias": "idf::esp_pm",
            "target": "___idf_esp_pm",
            "prefix": "idf",
            "dir": "/Users/mdahal01/Documents/esp-idf/components/esp_pm",
            "lib": "__idf_esp_pm",
            "reqs": [],
            "priv_reqs": [ "esp_system", "driver", "esp_timer" ],
            "managed_reqs": [],
            "managed_priv_reqs": [],
            "include_dirs": [ "include" ]
        },
        "esp_psram": {
            "alias": "idf::esp_psram",
            "target": "___idf_esp_psram",
            "prefix": "idf",
            "dir": "/Users/mdahal01/Documents/esp-idf/components/esp_psram",
            "lib": "__idf_esp_psram",
            "reqs": [],
            "priv_reqs": [ "heap", "spi_flash", "esp_mm" ],
            "managed_reqs": [],
            "managed_priv_reqs": [],
            "include_dirs": [ "include" ]
        },
        "esp_ringbuf": {
            "alias": "idf::esp_ringbuf",
            "target": "___idf_esp_ringbuf",
            "prefix": "idf",
            "dir": "/Users/mdahal01/Documents/esp-idf/components/esp_ringbuf",
            "lib": "__idf_esp_ringbuf",
            "reqs": [],
            "priv_reqs": [],
            "managed_reqs": [],
            "managed_priv_reqs": [],
            "include_dirs": [ "include" ]
        },
        "esp_rom": {
            "alias": "idf::esp_rom",
            "target": "___idf_esp_rom",
            "prefix": "idf",
            "dir": "/Users/mdahal01/Documents/esp-idf/components/esp_rom",
            "lib": "__idf_esp_rom",
            "reqs": [],
            "priv_reqs": [ "soc", "hal" ],
            "managed_reqs": [],
            "managed_priv_reqs": [],
            "include_dirs": [ "include", "include/esp32c6", "esp32c6" ]
        },
        "esp_system": {
            "alias": "idf::esp_system",
            "target": "___idf_esp_system",
            "prefix": "idf",
            "dir": "/Users/mdahal01/Documents/esp-idf/components/esp_system",
            "lib": "__idf_esp_system",
            "reqs": [ "spi_flash" ],
            "priv_reqs": [],
            "managed_reqs": [],
            "managed_priv_reqs": [],
            "include_dirs": []
        },
        "esp_timer": {
            "alias": "idf::esp_timer",
            "target": "___idf_esp_timer",
            "prefix": "idf",
            "dir": "/Users/mdahal01/Documents/esp-idf/components/esp_timer",
            "lib": "__idf_esp_timer",
            "reqs": [ "esp_common" ],
            "priv_reqs": [ "soc", "driver" ],
            "managed_reqs": [],
            "managed_priv_reqs": [],
            "include_dirs": [ "include" ]
        },
        "esp_wifi": {
            "alias": "idf::esp_wifi",
            "target": "___idf_esp_wifi",
            "prefix": "idf",
            "dir": "/Users/mdahal01/Documents/esp-idf/components/esp_wifi",
            "lib": "__idf_esp_wifi",
            "reqs": [ "esp_event", "esp_phy", "esp_netif" ],
            "priv_reqs": [ "driver", "esptool_py", "esp_pm", "esp_timer", "nvs_flash", "wpa_supplicant", "hal", "lwip", "esp_coex" ],
            "managed_reqs": [],
            "managed_priv_reqs": [],
            "include_dirs": [ "include", "wifi_apps/include" ]
        },
        "espcoredump": {
            "alias": "idf::espcoredump",
            "target": "___idf_espcoredump",
            "prefix": "idf",
            "dir": "/Users/mdahal01/Documents/esp-idf/components/espcoredump",
            "lib": "__idf_espcoredump",
            "reqs": [],
            "priv_reqs": [ "esp_partition", "spi_flash", "bootloader_support", "mbedtls", "esp_rom", "soc", "esp_system", "driver" ],
            "managed_reqs": [],
            "managed_priv_reqs": [],
            "include_dirs": [ "include" ]
        },
        "esptool_py": {
            "alias": "idf::esptool_py",
            "target": "___idf_esptool_py",
            "prefix": "idf",
            "dir": "/Users/mdahal01/Documents/esp-idf/components/esptool_py",
            "lib": "__idf_esptool_py",
            "reqs": [ "bootloader" ],
            "priv_reqs": [ "partition_table" ],
            "managed_reqs": [],
            "managed_priv_reqs": [],
            "include_dirs": []
        },
        "fatfs": {
            "alias": "idf::fatfs",
            "target": "___idf_fatfs",
            "prefix": "idf",
            "dir": "/Users/mdahal01/Documents/esp-idf/components/fatfs",
            "lib": "__idf_fatfs",
            "reqs": [ "wear_levelling", "sdmmc" ],
            "priv_reqs": [ "vfs" ],
            "managed_reqs": [],
            "managed_priv_reqs": [],
            "include_dirs": [ "diskio", "src", "vfs" ]
        },
        "freertos": {
            "alias": "idf::freertos",
            "target": "___idf_freertos",
            "prefix": "idf",
            "dir": "/Users/mdahal01/Documents/esp-idf/components/freertos",
            "lib": "__idf_freertos",
            "reqs": [],
            "priv_reqs": [],
            "managed_reqs": [],
            "managed_priv_reqs": [],
            "include_dirs": []
        },
        "hal": {
            "alias": "idf::hal",
            "target": "___idf_hal",
            "prefix": "idf",
            "dir": "/Users/mdahal01/Documents/esp-idf/components/hal",
            "lib": "__idf_hal",
            "reqs": [ "soc", "esp_rom" ],
            "priv_reqs": [],
            "managed_reqs": [],
            "managed_priv_reqs": [],
            "include_dirs": [ "platform_port/include", "esp32c6/include", "include" ]
        },
        "heap": {
            "alias": "idf::heap",
            "target": "___idf_heap",
            "prefix": "idf",
            "dir": "/Users/mdahal01/Documents/esp-idf/components/heap",
            "lib": "__idf_heap",
            "reqs": [],
            "priv_reqs": [ "soc" ],
            "managed_reqs": [],
            "managed_priv_reqs": [],
            "include_dirs": [ "include" ]
        },
        "http_parser": {
            "alias": "idf::http_parser",
            "target": "___idf_http_parser",
            "prefix": "idf",
            "dir": "/Users/mdahal01/Documents/esp-idf/components/http_parser",
            "lib": "__idf_http_parser",
            "reqs": [],
            "priv_reqs": [],
            "managed_reqs": [],
            "managed_priv_reqs": [],
            "include_dirs": [ "." ]
        },
        "idf_test": {
            "alias": "idf::idf_test",
            "target": "___idf_idf_test",
            "prefix": "idf",
            "dir": "/Users/mdahal01/Documents/esp-idf/components/idf_test",
            "lib": "__idf_idf_test",
            "reqs": [],
            "priv_reqs": [],
            "managed_reqs": [],
            "managed_priv_reqs": [],
            "include_dirs": [ "include", "include/esp32c6" ]
        },
        "ieee802154": {
            "alias": "idf::ieee802154",
            "target": "___idf_ieee802154",
            "prefix": "idf",
            "dir": "/Users/mdahal01/Documents/esp-idf/components/ieee802154",
            "lib": "__idf_ieee802154",
            "reqs": [],
            "priv_reqs": [ "esp_phy", "driver", "esp_timer", "esp_coex", "soc", "hal" ],
            "managed_reqs": [],
            "managed_priv_reqs": [],
            "include_dirs": [ "include" ]
        },
        "json": {
            "alias": "idf::json",
            "target": "___idf_json",
            "prefix": "idf",
            "dir": "/Users/mdahal01/Documents/esp-idf/components/json",
            "lib": "__idf_json",
            "reqs": [],
            "priv_reqs": [],
            "managed_reqs": [],
            "managed_priv_reqs": [],
            "include_dirs": [ "cJSON" ]
        },
        "linux": {
            "alias": "idf::linux",
            "target": "___idf_linux",
            "prefix": "idf",
            "dir": "/Users/mdahal01/Documents/esp-idf/components/linux",
            "lib": "__idf_linux",
            "reqs": [],
            "priv_reqs": [],
            "managed_reqs": [],
            "managed_priv_reqs": [],
            "include_dirs": [ "cJSON" ]
        },
        "log": {
            "alias": "idf::log",
            "target": "___idf_log",
            "prefix": "idf",
            "dir": "/Users/mdahal01/Documents/esp-idf/components/log",
            "lib": "__idf_log",
            "reqs": [],
            "priv_reqs": [ "soc", "hal", "esp_hw_support" ],
            "managed_reqs": [],
            "managed_priv_reqs": [],
            "include_dirs": [ "include" ]
        },
        "lwip": {
            "alias": "idf::lwip",
            "target": "___idf_lwip",
            "prefix": "idf",
            "dir": "/Users/mdahal01/Documents/esp-idf/components/lwip",
            "lib": "__idf_lwip",
            "reqs": [],
            "priv_reqs": [ "vfs" ],
            "managed_reqs": [],
            "managed_priv_reqs": [],
            "include_dirs": []
        },
        "mbedtls": {
            "alias": "idf::mbedtls",
            "target": "___idf_mbedtls",
            "prefix": "idf",
            "dir": "/Users/mdahal01/Documents/esp-idf/components/mbedtls",
            "lib": "__idf_mbedtls",
            "reqs": [],
            "priv_reqs": [ "soc", "esp_hw_support" ],
            "managed_reqs": [],
            "managed_priv_reqs": [],
            "include_dirs": [ "port/include", "mbedtls/include", "mbedtls/library" ]
        },
        "mqtt": {
            "alias": "idf::mqtt",
            "target": "___idf_mqtt",
            "prefix": "idf",
            "dir": "/Users/mdahal01/Documents/esp-idf/components/mqtt",
            "lib": "__idf_mqtt",
            "reqs": [ "esp_event", "tcp_transport" ],
            "priv_reqs": [ "esp_timer", "http_parser", "esp_hw_support", "heap" ],
            "managed_reqs": [],
            "managed_priv_reqs": [],
            "include_dirs": [ "/Users/mdahal01/Documents/esp-idf/components/mqtt/esp-mqtt/include" ]
        },
        "newlib": {
            "alias": "idf::newlib",
            "target": "___idf_newlib",
            "prefix": "idf",
            "dir": "/Users/mdahal01/Documents/esp-idf/components/newlib",
            "lib": "__idf_newlib",
            "reqs": [],
            "priv_reqs": [],
            "managed_reqs": [],
            "managed_priv_reqs": [],
            "include_dirs": [ "platform_include" ]
        },
        "nvs_flash": {
            "alias": "idf::nvs_flash",
            "target": "___idf_nvs_flash",
            "prefix": "idf",
            "dir": "/Users/mdahal01/Documents/esp-idf/components/nvs_flash",
            "lib": "__idf_nvs_flash",
            "reqs": [ "esp_partition" ],
            "priv_reqs": [ "spi_flash", "newlib" ],
            "managed_reqs": [],
            "managed_priv_reqs": [],
            "include_dirs": [ "include", "../spi_flash/include" ]
        },
        "nvs_sec_provider": {
            "alias": "idf::nvs_sec_provider",
            "target": "___idf_nvs_sec_provider",
            "prefix": "idf",
            "dir": "/Users/mdahal01/Documents/esp-idf/components/nvs_sec_provider",
            "lib": "__idf_nvs_sec_provider",
            "reqs": [],
            "priv_reqs": [ "bootloader_support", "efuse", "esp_partition", "nvs_flash" ],
            "managed_reqs": [],
            "managed_priv_reqs": [],
            "include_dirs": [ "include" ]
        },
        "openthread": {
            "alias": "idf::openthread",
            "target": "___idf_openthread",
            "prefix": "idf",
            "dir": "/Users/mdahal01/Documents/esp-idf/components/openthread",
            "lib": "__idf_openthread",
            "reqs": [ "esp_netif", "lwip", "driver" ],
            "priv_reqs": [ "console", "esp_event", "esp_partition", "esp_timer", "ieee802154", "mbedtls", "nvs_flash" ],
            "managed_reqs": [],
            "managed_priv_reqs": [],
            "include_dirs": []
        },
        "partition_table": {
            "alias": "idf::partition_table",
            "target": "___idf_partition_table",
            "prefix": "idf",
            "dir": "/Users/mdahal01/Documents/esp-idf/components/partition_table",
            "lib": "__idf_partition_table",
            "reqs": [],
            "priv_reqs": [ "esptool_py" ],
            "managed_reqs": [],
            "managed_priv_reqs": [],
            "include_dirs": []
        },
        "perfmon": {
            "alias": "idf::perfmon",
            "target": "___idf_perfmon",
            "prefix": "idf",
            "dir": "/Users/mdahal01/Documents/esp-idf/components/perfmon",
            "lib": "__idf_perfmon",
            "reqs": [],
            "priv_reqs": [],
            "managed_reqs": [],
            "managed_priv_reqs": [],
            "include_dirs": []
        },
        "protobuf-c": {
            "alias": "idf::protobuf-c",
            "target": "___idf_protobuf-c",
            "prefix": "idf",
            "dir": "/Users/mdahal01/Documents/esp-idf/components/protobuf-c",
            "lib": "__idf_protobuf-c",
            "reqs": [],
            "priv_reqs": [],
            "managed_reqs": [],
            "managed_priv_reqs": [],
            "include_dirs": [ "protobuf-c" ]
        },
        "protocomm": {
            "alias": "idf::protocomm",
            "target": "___idf_protocomm",
            "prefix": "idf",
            "dir": "/Users/mdahal01/Documents/esp-idf/components/protocomm",
            "lib": "__idf_protocomm",
            "reqs": [ "bt" ],
            "priv_reqs": [ "protobuf-c", "mbedtls", "console", "esp_http_server", "driver" ],
            "managed_reqs": [],
            "managed_priv_reqs": [],
            "include_dirs": [ "include/common", "include/security", "include/transports", "include/crypto/srp6a", "proto-c" ]
        },
        "pthread": {
            "alias": "idf::pthread",
            "target": "___idf_pthread",
            "prefix": "idf",
            "dir": "/Users/mdahal01/Documents/esp-idf/components/pthread",
            "lib": "__idf_pthread",
            "reqs": [],
            "priv_reqs": [],
            "managed_reqs": [],
            "managed_priv_reqs": [],
            "include_dirs": [ "include" ]
        },
        "riscv": {
            "alias": "idf::riscv",
            "target": "___idf_riscv",
            "prefix": "idf",
            "dir": "/Users/mdahal01/Documents/esp-idf/components/riscv",
            "lib": "__idf_riscv",
            "reqs": [],
            "priv_reqs": [ "soc" ],
            "managed_reqs": [],
            "managed_priv_reqs": [],
            "include_dirs": [ "include" ]
        },
        "sdmmc": {
            "alias": "idf::sdmmc",
            "target": "___idf_sdmmc",
            "prefix": "idf",
            "dir": "/Users/mdahal01/Documents/esp-idf/components/sdmmc",
            "lib": "__idf_sdmmc",
            "reqs": [ "driver" ],
            "priv_reqs": [ "soc", "esp_timer" ],
            "managed_reqs": [],
            "managed_priv_reqs": [],
            "include_dirs": [ "include" ]
        },
        "soc": {
            "alias": "idf::soc",
            "target": "___idf_soc",
            "prefix": "idf",
            "dir": "/Users/mdahal01/Documents/esp-idf/components/soc",
            "lib": "__idf_soc",
            "reqs": [],
            "priv_reqs": [],
            "managed_reqs": [],
            "managed_priv_reqs": [],
            "include_dirs": [ "include", "esp32c6", "esp32c6/include" ]
        },
        "spi_flash": {
            "alias": "idf::spi_flash",
            "target": "___idf_spi_flash",
            "prefix": "idf",
            "dir": "/Users/mdahal01/Documents/esp-idf/components/spi_flash",
            "lib": "__idf_spi_flash",
            "reqs": [ "hal" ],
            "priv_reqs": [ "bootloader_support", "soc" ],
            "managed_reqs": [],
            "managed_priv_reqs": [],
            "include_dirs": [ "include" ]
        },
        "spiffs": {
            "alias": "idf::spiffs",
            "target": "___idf_spiffs",
            "prefix": "idf",
            "dir": "/Users/mdahal01/Documents/esp-idf/components/spiffs",
            "lib": "__idf_spiffs",
            "reqs": [ "esp_partition" ],
            "priv_reqs": [ "bootloader_support", "esptool_py", "vfs", "spi_flash" ],
            "managed_reqs": [],
            "managed_priv_reqs": [],
            "include_dirs": [ "include" ]
        },
        "tcp_transport": {
            "alias": "idf::tcp_transport",
            "target": "___idf_tcp_transport",
            "prefix": "idf",
            "dir": "/Users/mdahal01/Documents/esp-idf/components/tcp_transport",
            "lib": "__idf_tcp_transport",
            "reqs": [ "esp-tls", "lwip", "esp_timer" ],
            "priv_reqs": [],
            "managed_reqs": [],
            "managed_priv_reqs": [],
            "include_dirs": [ "include" ]
        },
        "touch_element": {
            "alias": "idf::touch_element",
            "target": "___idf_touch_element",
            "prefix": "idf",
            "dir": "/Users/mdahal01/Documents/esp-idf/components/touch_element",
            "lib": "__idf_touch_element",
            "reqs": [],
            "priv_reqs": [],
            "managed_reqs": [],
            "managed_priv_reqs": [],
            "include_dirs": [ "include" ]
        },
        "ulp": {
            "alias": "idf::ulp",
            "target": "___idf_ulp",
            "prefix": "idf",
            "dir": "/Users/mdahal01/Documents/esp-idf/components/ulp",
            "lib": "__idf_ulp",
            "reqs": [ "driver", "esp_adc" ],
            "priv_reqs": [],
            "managed_reqs": [],
            "managed_priv_reqs": [],
            "include_dirs": []
        },
        "unity": {
            "alias": "idf::unity",
            "target": "___idf_unity",
            "prefix": "idf",
            "dir": "/Users/mdahal01/Documents/esp-idf/components/unity",
            "lib": "__idf_unity",
            "reqs": [],
            "priv_reqs": [],
            "managed_reqs": [],
            "managed_priv_reqs": [],
            "include_dirs": [ "include", "unity/src" ]
        },
        "usb": {
            "alias": "idf::usb",
            "target": "___idf_usb",
            "prefix": "idf",
            "dir": "/Users/mdahal01/Documents/esp-idf/components/usb",
            "lib": "__idf_usb",
            "reqs": [],
            "priv_reqs": [ "driver" ],
            "managed_reqs": [],
            "managed_priv_reqs": [],
            "include_dirs": []
        },
        "vfs": {
            "alias": "idf::vfs",
            "target": "___idf_vfs",
            "prefix": "idf",
            "dir": "/Users/mdahal01/Documents/esp-idf/components/vfs",
            "lib": "__idf_vfs",
            "reqs": [],
            "priv_reqs": [ "driver", "esp_timer" ],
            "managed_reqs": [],
            "managed_priv_reqs": [],
            "include_dirs": [ "include" ]
        },
        "wear_levelling": {
            "alias": "idf::wear_levelling",
            "target": "___idf_wear_levelling",
            "prefix": "idf",
            "dir": "/Users/mdahal01/Documents/esp-idf/components/wear_levelling",
            "lib": "__idf_wear_levelling",
            "reqs": [ "esp_partition" ],
            "priv_reqs": [ "spi_flash" ],
            "managed_reqs": [],
            "managed_priv_reqs": [],
            "include_dirs": [ "include" ]
        },
        "wifi_provisioning": {
            "alias": "idf::wifi_provisioning",
            "target": "___idf_wifi_provisioning",
            "prefix": "idf",
            "dir": "/Users/mdahal01/Documents/esp-idf/components/wifi_provisioning",
            "lib": "__idf_wifi_provisioning",
            "reqs": [ "lwip", "protocomm" ],
            "priv_reqs": [ "protobuf-c", "bt", "json", "esp_timer", "esp_wifi" ],
            "managed_reqs": [],
            "managed_priv_reqs": [],
            "include_dirs": [ "include" ]
        },
        "wpa_supplicant": {
            "alias": "idf::wpa_supplicant",
            "target": "___idf_wpa_supplicant",
            "prefix": "idf",
            "dir": "/Users/mdahal01/Documents/esp-idf/components/wpa_supplicant",
            "lib": "__idf_wpa_supplicant",
            "reqs": [],
            "priv_reqs": [ "mbedtls", "esp_timer", "esp_wifi" ],
            "managed_reqs": [],
            "managed_priv_reqs": [],
            "include_dirs": [ "include", "port/include", "esp_supplicant/include" ]
        },
        "xtensa": {
            "alias": "idf::xtensa",
            "target": "___idf_xtensa",
            "prefix": "idf",
            "dir": "/Users/mdahal01/Documents/esp-idf/components/xtensa",
            "lib": "__idf_xtensa",
            "reqs": [],
            "priv_reqs": [],
            "managed_reqs": [],
            "managed_priv_reqs": [],
            "include_dirs": [ "include", "port/include", "esp_supplicant/include" ]
        },
        "main": {
            "alias": "idf::main",
            "target": "___idf_main",
            "prefix": "idf",
            "dir": "/Users/mdahal01/Documents/esp-idf/components/bootloader/subproject/main",
            "lib": "__idf_main",
            "reqs": [ "bootloader", "bootloader_support" ],
            "priv_reqs": [],
            "managed_reqs": [],
            "managed_priv_reqs": [],
            "include_dirs": []
        },
        "micro-ecc": {
            "alias": "idf::micro-ecc",
            "target": "___idf_micro-ecc",
            "prefix": "idf",
            "dir": "/Users/mdahal01/Documents/esp-idf/components/bootloader/subproject/components/micro-ecc",
            "lib": "__idf_micro-ecc",
            "reqs": [],
            "priv_reqs": [],
            "managed_reqs": [],
            "managed_priv_reqs": [],
            "include_dirs": [ ".", "micro-ecc" ]
        }
    },
    "debug_prefix_map_gdbinit": ""
}
